UserID,UserName,ProductID,ProductName,Rating,Timestamp
103,Christopher Santiago,255,Safe spring,1,1619678247
271,Cynthia Hall,236,Eat may usually,1,1610263269
107,Tracy Riddle,26,Central goal story class,3,1633969016
72,Sarah Olson,72,Executive course follow,1,1624134429
189,Rebekah Hunt,261,Generation difficult support before,2,1630499465
21,Ariel Ellis,254,Page,1,1640428509
103,Christopher Santiago,271,Coach cold,4,1619601510
122,Leah Larson,123,Film those feeling,3,1625321990
215,Jamie Holland,144,Evidence energy,4,1625084067
88,Christopher Wright,257,Also yard,5,1634333602
100,Miranda Watson,144,Evidence energy,4,1637250007
152,Brad Hubbard,421,Number after stop,2,1612989862
131,George Smith,259,Can fly,2,1609947043
150,Denise Cook,436,Send test enough,4,1639918956
258,Michael Hansen,47,Those actually property,5,1610471187
294,Hannah Daniels,351,Heavy shoulder,1,1619442736
192,Brandi Sanchez,13,Identify brother culture,2,1620541535
277,Peter Miller,376,Red four significant,4,1635229754
161,Michael Fox,208,Research school sometimes,4,1624784102
22,Christopher Johnson,311,Military control fly state,4,1637199024
253,Joshua Harper,235,Direction phone eye,1,1626250841
236,Justin Michael,149,Us social,3,1630744345
49,Crystal Gutierrez,322,So later,5,1609536547
59,Michael Mata,438,Rule rest Democrat,3,1613081258
170,Joseph Gonzalez,155,During lose image write,5,1632075901
188,Amber Michael,166,Yeah inside year,5,1630946786
271,Cynthia Hall,90,Week task,4,1625667882
190,Amber Hunter,186,Road inside,2,1639918434
175,Ryan Schneider,318,Answer language,4,1627628235
51,Jason Martinez,358,Avoid product,1,1631767328
55,James Scott,174,Guess window,5,1639502179
244,Alexandra Cooper,217,Particular next,2,1637752781
131,George Smith,395,Station mother,5,1639769184
135,Deborah Brown,456,Occur,5,1631987949
21,Ariel Ellis,264,Accept,4,1623767724
167,Dr. Richard Mccormick DVM,97,Soldier,2,1620272940
274,William Hartman,117,Pattern suddenly,2,1624307799
89,Katelyn Conrad,199,Question season information,5,1640764814
14,Jon Orr,320,Parent fact,2,1636509022
242,Robert Doyle,486,Situation sell blood,2,1633138704
265,Laura King,21,Book job left,4,1621581451
53,Brittney Small PhD,200,Say and let,3,1614066941
92,Jonathan Gonzales,371,Participant call final,1,1613375253
264,Daniel Green,447,Together,3,1640618134
35,Mrs. Mary Rodriguez,341,Local letter especially,2,1620447230
206,Yvonne Diaz MD,448,Certain light some,5,1612733273
81,Gary Contreras,248,School,1,1625666893
50,Patricia Campbell,276,Heart seat fear,1,1618444939
2,Rebecca Casey,264,Accept,5,1637690993
54,Michelle Green,58,Forward husband model,1,1630459971
106,Joshua Soto,302,Visit note here,5,1613044730
260,Jared Flores,31,South activity bring coach,1,1632234349
191,Stephanie Harrison,498,List or admit,3,1634175154
218,Rachel Michael DDS,249,Class young success,1,1627207804
44,Marie Garcia,93,Source campaign prove,4,1637561228
162,Robert Mcpherson,496,Despite recent,5,1611042104
202,Sonya Nguyen,265,Letter family,1,1629559094
270,Brenda Gray,271,Coach cold,5,1626635601
271,Cynthia Hall,94,Between attention others,4,1633589610
215,Jamie Holland,154,Write administration,1,1640457627
252,Chase Conley,394,Draw another Mr,1,1625449829
190,Amber Hunter,285,Term again pay quickly,4,1636316392
296,Blake Griffin,80,Sister down civil,4,1636010411
213,Randy Miller,292,System understand,4,1625578642
208,Nicholas Nelson,84,Natural opportunity,5,1635154349
237,Wyatt Case,365,Set pretty,4,1613976174
53,Brittney Small PhD,374,Provide control economic,5,1617673578
280,Erin Lane,37,Doctor day too,3,1627430757
217,Barbara Mckenzie,342,Skill measure,1,1619415789
252,Chase Conley,327,Audience single,1,1620823554
188,Amber Michael,407,Have almost,2,1610566866
41,Carrie Tucker,425,As piece at,3,1625059219
157,Adam Arnold,232,In population,4,1636072778
15,Christine Perry,93,Source campaign prove,4,1627254780
65,Kristin Harding,336,Kid fire,3,1626726583
9,Daniel Johnson,102,Defense defense,4,1636025296
129,Heather Griffin,412,Apply capital school,2,1628612156
136,Jennifer Simon,432,Door anything appear office,5,1618150395
63,David English,166,Yeah inside year,1,1619568250
139,Sherry Kennedy,159,Fine option,3,1626668016
81,Gary Contreras,14,Similar professor security,1,1628311094
163,Thomas Odonnell,373,Beat particularly age sit,5,1620454050
289,Cory Contreras,225,Little husband,3,1628692941
261,Albert Lopez,73,Car sometimes,5,1636048058
231,Janice Bell,249,Class young success,4,1640380966
41,Carrie Tucker,91,Section hair,4,1611056312
28,Mark Mcdonald,216,Hit story,4,1630870098
135,Deborah Brown,461,Event strong summer,5,1618545858
201,John Scott,90,Week task,5,1619286049
268,Kylie Tyler,29,Seek bill,5,1613592057
33,Robert Bender,435,Lawyer use,1,1612324464
48,Laura Knox,305,Own weight direction,5,1616867240
62,Amy Stuart,427,Usually speech enter,4,1616597397
216,Christopher Lewis,476,Good property,2,1626279653
293,Nicole Burns MD,220,Rise dream fire,5,1612469751
99,Brittany Johnson,328,Part,2,1632432532
172,Victoria Newton,215,Base will,4,1617069480
214,Evan Ramos,221,Instead way,5,1611115294
35,Mrs. Mary Rodriguez,389,Professor level place,1,1617151642
227,Amy Day,42,Young somebody look improve,1,1620504228
101,Roger Collier,135,Brother,2,1627021761
131,George Smith,42,Young somebody look improve,1,1635668661
257,Jason Hill,164,Indicate factor,1,1638370030
5,Wendy Mack,361,Difference season lead cover,1,1628504200
218,Rachel Michael DDS,283,Congress option,4,1640139602
255,Samantha Donaldson,58,Forward husband model,1,1629211049
283,Carrie Pacheco,302,Visit note here,3,1616250879
207,Richard Thomas,322,So later,5,1612781987
15,Christine Perry,25,Happy hear,1,1636359945
42,Keith Ross,73,Car sometimes,1,1616758458
179,Jerry Wells,373,Beat particularly age sit,1,1617895975
63,David English,411,Visit pull then inside,3,1610755381
231,Janice Bell,129,Center practice involve,1,1624835052
241,Rhonda Harrell,87,Send design,1,1631808678
52,Chelsey Parker,330,Speak than,5,1615996806
96,Michael Cohen,426,Include here,3,1634294531
222,Catherine Hernandez,436,Send test enough,3,1633593486
231,Janice Bell,153,Visit beat,1,1619311819
237,Wyatt Case,182,Enter main cover,3,1640681733
143,Ashley Marsh DDS,125,Necessary,2,1625262331
171,Dana Howard,67,Figure born treatment,3,1618883400
29,Amber Thomas,6,Such authority,3,1613158818
36,Michele Garcia,125,Necessary,3,1617377991
13,Jason Herrera,314,Civil boy cell,4,1625905350
160,Jose Hamilton,326,Over true star,4,1623003843
187,David Lee,53,Agency happy pay,4,1614537017
243,Jack Rodriguez,66,Compare someone assume,3,1628880972
86,Joseph Burton,314,Civil boy cell,2,1623359506
284,Crystal Jackson,82,Director work,3,1624549949
66,Edgar Rowe,87,Send design,1,1624406854
170,Joseph Gonzalez,2,Pass simple southern,2,1632652681
45,Brittany Moses,204,About ever consumer,4,1623897880
62,Amy Stuart,150,Campaign court,5,1624665515
134,Jeffrey Jones,293,Material,2,1624509689
284,Crystal Jackson,404,Agent address,4,1626919038
28,Mark Mcdonald,103,Always represent forward,2,1624150424
108,Holly Ward,24,Possible during,2,1620309980
44,Marie Garcia,368,Turn wear,3,1638826871
286,Richard Carroll,212,Officer when represent,1,1618741451
128,Lisa Jones,65,Party have adult,5,1629333234
231,Janice Bell,449,Material television,4,1621557102
190,Amber Hunter,209,Institution bar,2,1617746343
225,Cameron Perez,251,Hour such name,5,1613646835
283,Carrie Pacheco,385,As give middle,2,1621141829
121,Alyssa Patel,117,Pattern suddenly,1,1628730107
116,Samantha Liu,116,Window suddenly,5,1627074953
233,Emily Dunn,237,Room situation,4,1623329601
259,Dawn Walter,478,Back past which conference,2,1625526135
198,Lindsey Wu,105,Military stand,1,1625968108
137,Cory Mcbride,495,Near suffer loss,5,1617128344
165,Patrick Brown,259,Can fly,2,1617739974
225,Cameron Perez,46,Take rate,2,1617560551
234,Diane Powell,311,Military control fly state,4,1610309462
172,Victoria Newton,331,If radio range,1,1621853935
152,Brad Hubbard,216,Hit story,3,1629521546
160,Jose Hamilton,470,Nation us half run,2,1616974457
96,Michael Cohen,448,Certain light some,5,1614448547
233,Emily Dunn,492,Computer within,4,1609735216
180,Kristen Fuentes,301,Heavy late each,4,1622877999
113,Diamond White,410,White door turn,2,1637543538
52,Chelsey Parker,333,Total check,2,1636532054
268,Kylie Tyler,449,Material television,2,1618959098
295,Cynthia Butler,24,Possible during,3,1624788458
113,Diamond White,458,Talk,2,1638790662
101,Roger Collier,35,Perform company,1,1635631322
113,Diamond White,24,Possible during,5,1639785548
81,Gary Contreras,28,Outside since full,2,1617652368
187,David Lee,484,Particularly sense collection protect,3,1628934297
113,Diamond White,464,Other,5,1610095224
2,Rebecca Casey,488,Discussion board,4,1622637179
130,Crystal Arroyo,16,Bank win sort,2,1611507349
220,Laura Williams,59,Far carry until,5,1630130060
54,Michelle Green,465,Office likely purpose,4,1613593867
224,Connie Sullivan,243,Daughter never interesting,3,1637738822
225,Cameron Perez,438,Rule rest Democrat,1,1624243712
126,Joshua Williams,207,Much poor paper,2,1632799904
130,Crystal Arroyo,400,Speak able list,1,1629558515
53,Brittney Small PhD,271,Coach cold,3,1612729718
172,Victoria Newton,249,Class young success,5,1636256653
218,Rachel Michael DDS,482,Practice truth seat the,5,1639864686
160,Jose Hamilton,267,Argue onto,3,1629398079
198,Lindsey Wu,193,Seem time,3,1611367210
247,Brittney Hoffman,335,Bill team about join,2,1613996279
203,Craig King,218,According stop collection,4,1631424953
184,Tanya Harris,115,Position well defense,1,1637247784
123,Cynthia Howell,68,Great season space,1,1630738896
255,Samantha Donaldson,299,Deep,5,1620547011
294,Hannah Daniels,325,State nearly,5,1629268979
280,Erin Lane,483,Available mouth structure,2,1625487986
98,Christian Carr,397,Audience every,3,1627723046
198,Lindsey Wu,394,Draw another Mr,1,1617362432
240,Manuel Carter,75,Agree history,2,1638033448
144,Tonya Lozano,466,Air while where,5,1624683692
97,Douglas Trujillo,482,Practice truth seat the,5,1609544791
201,John Scott,103,Always represent forward,1,1627269089
124,Lisa Scott,297,Religious look better interest,5,1624319073
187,David Lee,490,To modern,5,1617356887
259,Dawn Walter,178,During learn threat,4,1637982458
148,Micheal Gomez,215,Base will,3,1640416253
252,Chase Conley,455,Travel method,5,1624497998
147,Jacob Miller,315,Unit resource,4,1611505616
148,Micheal Gomez,39,Maybe kind certain,2,1615530636
199,Kelly Zimmerman,259,Can fly,5,1628248134
128,Lisa Jones,204,About ever consumer,2,1612584584
39,Brenda Mccormick DDS,7,Its my,5,1622526443
129,Heather Griffin,49,Stage,1,1623485886
267,Bradley Bowman,26,Central goal story class,4,1619799138
151,Justin Hernandez,161,Collection,4,1614546070
298,Jessica Williams,357,Population before next west,1,1630204341
99,Brittany Johnson,176,Of need,3,1616095406
263,Joel Murray,79,Such no,4,1636556454
252,Chase Conley,2,Pass simple southern,2,1639453526
144,Tonya Lozano,489,Amount anything tree,4,1620786073
112,Stephanie Nichols,383,So various,3,1621974272
60,Spencer Huffman,455,Travel method,2,1638619533
2,Rebecca Casey,416,Movement general,2,1620569311
254,Michael Johnson,132,Situation almost use,1,1634688498
140,Michael Thomas,276,Heart seat fear,5,1636696431
37,Jennifer Dudley,498,List or admit,1,1614338377
160,Jose Hamilton,117,Pattern suddenly,5,1619705408
9,Daniel Johnson,164,Indicate factor,1,1628707908
233,Emily Dunn,288,Rich however company,5,1611317826
99,Brittany Johnson,28,Outside since full,4,1614753712
147,Jacob Miller,333,Total check,2,1611964977
208,Nicholas Nelson,1,Area together show,5,1616808761
131,George Smith,188,Everybody still,4,1626096436
152,Brad Hubbard,56,Look low,3,1639367770
54,Michelle Green,35,Perform company,1,1635706482
120,Stephanie Gutierrez,112,Once,3,1615271285
161,Michael Fox,286,Growth than,4,1631037496
116,Samantha Liu,310,Mouth,3,1635165013
75,Richard Walker,36,Expect occur color,3,1615957009
113,Diamond White,439,Speak few report,4,1616495887
104,Zoe Scott,217,Particular next,2,1627877505
254,Michael Johnson,80,Sister down civil,5,1639725038
227,Amy Day,314,Civil boy cell,1,1635332876
112,Stephanie Nichols,83,He fill but state,5,1631482284
99,Brittany Johnson,65,Party have adult,1,1618932303
153,Sean Alvarez MD,325,State nearly,5,1631982535
194,Linda Lowery,128,Its,3,1611211562
163,Thomas Odonnell,307,Record magazine,2,1633235399
208,Nicholas Nelson,22,Yet to low,3,1626245429
169,Christina Wallace,216,Hit story,2,1615134409
161,Michael Fox,107,Recent among pick laugh,4,1620603894
68,Luke Clark,109,Usually meeting each bed,1,1628038368
289,Cory Contreras,372,Certain economy factor,1,1637778590
277,Peter Miller,357,Population before next west,4,1636753544
135,Deborah Brown,181,Bad all space,5,1628890084
195,Eric Guzman,356,Whether interview drug,4,1614949448
128,Lisa Jones,164,Indicate factor,4,1632446511
33,Robert Bender,68,Great season space,2,1617107473
176,Kathy Cantrell,292,System understand,4,1611743197
22,Christopher Johnson,180,Middle believe speech,1,1632425439
238,Amanda Bradley,181,Bad all space,3,1620352999
158,Mr. Justin Ramos,466,Air while where,2,1626915286
38,Omar Ford,434,Southern imagine,2,1611686154
230,John Miller,464,Other,5,1621818301
51,Jason Martinez,169,Situation choose,3,1616017235
264,Daniel Green,402,Point book specific set,2,1630206994
283,Carrie Pacheco,22,Yet to low,4,1617905763
27,Mary Ford,66,Compare someone assume,2,1622363763
226,Kelly Montgomery,21,Book job left,2,1622093145
277,Peter Miller,100,Least outside five mother,2,1633269321
286,Richard Carroll,384,Institution half small,5,1616786711
97,Douglas Trujillo,300,Blood skill name,2,1621852940
284,Crystal Jackson,103,Always represent forward,2,1630477939
147,Jacob Miller,47,Those actually property,5,1637412013
4,Kyle Rios,39,Maybe kind certain,3,1633010868
35,Mrs. Mary Rodriguez,285,Term again pay quickly,1,1623788769
192,Brandi Sanchez,310,Mouth,5,1622240412
49,Crystal Gutierrez,90,Week task,5,1627693731
17,Randy Gonzalez,85,Walk,2,1632035910
172,Victoria Newton,273,Watch vote,2,1620319730
220,Laura Williams,336,Kid fire,1,1628506845
158,Mr. Justin Ramos,188,Everybody still,2,1627154045
46,Steven Craig,159,Fine option,4,1635653776
6,Crystal Jensen,243,Daughter never interesting,2,1629186735
99,Brittany Johnson,73,Car sometimes,2,1618214348
233,Emily Dunn,479,Through resource,4,1628349943
37,Jennifer Dudley,462,Sing age,1,1626370199
280,Erin Lane,49,Stage,4,1640813430
181,Angela Myers,101,Us say,5,1626507742
95,Chase Morton,2,Pass simple southern,4,1632098650
99,Brittany Johnson,244,Within history,3,1638681585
188,Amber Michael,176,Of need,5,1640742484
116,Samantha Liu,238,Involve cut,2,1635614059
191,Stephanie Harrison,398,Face soldier,5,1629816310
253,Joshua Harper,59,Far carry until,1,1623980926
161,Michael Fox,353,Wonder scientist statement,1,1635817592
256,Andre Owen,99,Certainly special relationship,4,1633074304
128,Lisa Jones,442,Science bag another,5,1617968078
18,Ryan Barton,359,Question window,2,1630121922
281,Daniel Evans,442,Science bag another,1,1612214277
223,Andrea Graham,495,Near suffer loss,2,1627373901
54,Michelle Green,435,Lawyer use,3,1610954934
58,Jacqueline Aguilar,468,Too pull,1,1631457317
174,Emily Day DDS,2,Pass simple southern,4,1623292320
280,Erin Lane,243,Daughter never interesting,3,1636615795
114,Kyle Gonzalez,297,Religious look better interest,5,1632134245
288,Anna Schultz,211,Training most,2,1609755143
151,Justin Hernandez,123,Film those feeling,1,1628793561
127,William Shaw,229,Material add,3,1609493710
155,Joshua Snyder,82,Director work,3,1627782221
273,Jennifer Atkinson,144,Evidence energy,1,1622130031
104,Zoe Scott,388,Argue during,5,1623203731
299,April Stevens,140,You forget,5,1635357750
246,Emily Hensley,29,Seek bill,4,1620367151
176,Kathy Cantrell,391,Maybe,5,1622357498
39,Brenda Mccormick DDS,270,Window whether,4,1638256055
170,Joseph Gonzalez,247,Beat too this,3,1619920352
247,Brittney Hoffman,12,Writer role then,1,1632157923
26,Holly Hoffman,355,Yard impact information,5,1634571863
13,Jason Herrera,389,Professor level place,4,1614133769
36,Michele Garcia,337,Safe necessary standard,3,1617655603
173,Michele Simmons,106,Cold various,5,1617706929
20,Emily Casey,32,Station risk although,2,1616541985
264,Daniel Green,74,Lose none,3,1609590435
142,Brandon Taylor,171,Loss,5,1638003438
143,Ashley Marsh DDS,337,Safe necessary standard,3,1616065340
92,Jonathan Gonzales,69,Impact nothing,1,1628809699
288,Anna Schultz,301,Heavy late each,1,1613897871
215,Jamie Holland,362,Market left give,1,1627052878
51,Jason Martinez,137,Bring money grow,2,1633631761
153,Sean Alvarez MD,433,Reach wall only,1,1624005190
186,Kevin Soto,417,Change technology bed,2,1624169134
63,David English,484,Particularly sense collection protect,1,1635528021
190,Amber Hunter,100,Least outside five mother,3,1635798303
125,Anthony Williams,146,Traditional sea central late,5,1610930474
150,Denise Cook,9,Cause during,5,1613553490
58,Jacqueline Aguilar,62,Which suffer,1,1611875751
180,Kristen Fuentes,185,Born affect later,5,1627115255
170,Joseph Gonzalez,29,Seek bill,1,1636315840
271,Cynthia Hall,381,Out outside PM,1,1616208802
54,Michelle Green,114,Discuss right ready,4,1638214468
101,Roger Collier,462,Sing age,4,1625972529
264,Daniel Green,409,Us free body,4,1612500235
53,Brittney Small PhD,143,Seat huge,2,1636134603
60,Spencer Huffman,390,Impact century,4,1615597908
108,Holly Ward,120,Task card,1,1637007994
5,Wendy Mack,170,But perform body,3,1640647737
103,Christopher Santiago,157,Guess yourself,4,1614693714
196,Michelle Taylor,335,Bill team about join,4,1638432702
262,Scott Henson,349,Man leg industry,3,1638719688
47,Carol Jones MD,260,Rich head,1,1613956074
144,Tonya Lozano,82,Director work,2,1635723184
269,Christine Kline,242,International not foreign,4,1623833711
124,Lisa Scott,441,Democrat stop mouth,3,1611201151
106,Joshua Soto,433,Reach wall only,1,1631028259
158,Mr. Justin Ramos,172,Recognize physical per hold,5,1638888681
147,Jacob Miller,231,Again sport,2,1632360757
145,Charlotte Gordon,208,Research school sometimes,3,1614785070
120,Stephanie Gutierrez,75,Agree history,3,1617590264
275,Wendy Fox,270,Window whether,3,1610139250
92,Jonathan Gonzales,387,Box respond dinner,4,1630423967
58,Jacqueline Aguilar,499,Air event,5,1638403326
229,Olivia Whitney,114,Discuss right ready,2,1626532322
117,Christopher Simmons,62,Which suffer,1,1617180382
279,Cristina Gonzalez,362,Market left give,1,1614346363
127,William Shaw,320,Parent fact,5,1637203380
129,Heather Griffin,102,Defense defense,3,1636074486
58,Jacqueline Aguilar,429,Science follow skill,3,1633794207
122,Leah Larson,362,Market left give,3,1612700068
1,Robert Humphrey,210,Field small,3,1624082015
239,Justin Stephens,442,Science bag another,3,1629204074
290,Sonia Ward,255,Safe spring,5,1621010551
96,Michael Cohen,20,Set within beyond,4,1611404388
126,Joshua Williams,58,Forward husband model,2,1619606941
118,John Johnston,112,Once,3,1639917753
48,Laura Knox,473,Cover party,4,1629759007
89,Katelyn Conrad,313,Assume tonight,1,1616815084
237,Wyatt Case,486,Situation sell blood,5,1610038849
272,Todd Conley,461,Event strong summer,4,1625561778
189,Rebekah Hunt,196,Hour party,3,1614330122
192,Brandi Sanchez,375,Husband picture,3,1615723450
69,Dawn Tyler,462,Sing age,3,1610418212
278,Ashley Hansen,353,Wonder scientist statement,4,1628270280
247,Brittney Hoffman,92,High same several,3,1638157669
76,Susan Cannon,52,Shake until,4,1635089968
154,Brett Park,293,Material,3,1629409554
144,Tonya Lozano,8,Development away,1,1610244534
86,Joseph Burton,300,Blood skill name,1,1628212391
185,Emily Baker,98,Long various indicate,2,1614905094
285,Tara Hall,236,Eat may usually,3,1624697476
220,Laura Williams,389,Professor level place,3,1612455406
69,Dawn Tyler,374,Provide control economic,4,1628331305
47,Carol Jones MD,69,Impact nothing,4,1615464279
94,Richard Johnson,415,Type world,3,1622899375
238,Amanda Bradley,45,Capital prove,2,1611961832
204,Krista Gregory,137,Bring money grow,3,1622332294
218,Rachel Michael DDS,234,Participant imagine final,4,1618083338
39,Brenda Mccormick DDS,32,Station risk although,3,1636576968
100,Miranda Watson,289,Total company water,4,1628604848
289,Cory Contreras,126,Agreement partner,3,1638046109
254,Michael Johnson,67,Figure born treatment,5,1637979432
222,Catherine Hernandez,30,Service especially,4,1614810626
23,Joshua Mccoy,114,Discuss right ready,2,1640362709
250,Brenda Collins,204,About ever consumer,5,1618399527
10,Michael Nelson,29,Seek bill,3,1612647218
246,Emily Hensley,131,Pull certain professional,4,1627221459
100,Miranda Watson,474,Floor since push,5,1633006623
290,Sonia Ward,185,Born affect later,2,1611391023
180,Kristen Fuentes,253,Its young,4,1615881030
223,Andrea Graham,286,Growth than,5,1621036283
250,Brenda Collins,393,However ready,5,1634176710
147,Jacob Miller,410,White door turn,5,1626054035
96,Michael Cohen,386,Resource about with,1,1626960984
257,Jason Hill,62,Which suffer,3,1631084140
4,Kyle Rios,3,Usually career rock,4,1623425826
16,Robert Dunn,430,Time scientist,4,1630237591
280,Erin Lane,68,Great season space,4,1626906663
247,Brittney Hoffman,25,Happy hear,5,1611026892
258,Michael Hansen,179,Beat military experience,3,1639343667
160,Jose Hamilton,141,Right traditional,2,1610970918
152,Brad Hubbard,231,Again sport,4,1631695939
178,Charles Smith,300,Blood skill name,3,1631732412
163,Thomas Odonnell,163,Get dream,3,1639109963
33,Robert Bender,311,Military control fly state,1,1638573264
179,Jerry Wells,471,Personal suddenly,4,1610018368
101,Roger Collier,393,However ready,5,1610698813
268,Kylie Tyler,130,Myself which indicate,3,1611929552
65,Kristin Harding,445,Sometimes,3,1609809029
168,Kevin Weeks,246,Like realize popular,2,1628152299
43,Angela Thornton,297,Religious look better interest,1,1635768441
44,Marie Garcia,172,Recognize physical per hold,3,1628007242
285,Tara Hall,64,Wife difference hot,3,1633516532
12,Jack Flores,31,South activity bring coach,5,1621456042
95,Chase Morton,492,Computer within,5,1615636177
253,Joshua Harper,47,Those actually property,2,1630315815
242,Robert Doyle,130,Myself which indicate,2,1623604824
35,Mrs. Mary Rodriguez,352,Spring walk,2,1612072102
215,Jamie Holland,466,Air while where,5,1615576603
90,Jeffrey Parker,333,Total check,5,1611065069
264,Daniel Green,110,Live just edge,1,1610745679
93,Katie Carter,69,Impact nothing,4,1613389374
90,Jeffrey Parker,58,Forward husband model,4,1622148491
115,Rebecca Smith,106,Cold various,1,1612393512
105,Brandon Cunningham,300,Blood skill name,4,1614317555
196,Michelle Taylor,330,Speak than,5,1611566108
114,Kyle Gonzalez,256,Beat conference,4,1635272982
75,Richard Walker,312,Safe city,5,1634399188
217,Barbara Mckenzie,171,Loss,1,1625251919
277,Peter Miller,383,So various,2,1623680500
249,Michaela Anderson,473,Cover party,1,1623544370
164,Kara Ramirez,162,As everybody,4,1634110063
192,Brandi Sanchez,485,Pm woman sure,5,1629556524
227,Amy Day,286,Growth than,4,1625293401
177,Kevin Martinez,71,Similar much investment,4,1611572885
99,Brittany Johnson,255,Safe spring,2,1639341298
36,Michele Garcia,454,Respond again education,4,1617945225
96,Michael Cohen,374,Provide control economic,2,1619251846
152,Brad Hubbard,55,Out outside move,5,1634276296
151,Justin Hernandez,323,Feeling front,5,1612278872
190,Amber Hunter,397,Audience every,2,1639908333
224,Connie Sullivan,3,Usually career rock,1,1636118542
37,Jennifer Dudley,26,Central goal story class,5,1609807692
268,Kylie Tyler,313,Assume tonight,1,1612415849
183,Anita Johnson,126,Agreement partner,5,1633990317
13,Jason Herrera,408,Only although boy,5,1611482201
279,Cristina Gonzalez,53,Agency happy pay,3,1633407700
217,Barbara Mckenzie,198,College camera fill,4,1624677206
286,Richard Carroll,299,Deep,4,1625583164
273,Jennifer Atkinson,188,Everybody still,1,1613985131
62,Amy Stuart,186,Road inside,4,1625720027
84,Aaron Adams,305,Own weight direction,1,1613797948
217,Barbara Mckenzie,298,Natural effect citizen effort,5,1614084402
187,David Lee,204,About ever consumer,3,1636555941
19,Tyler Franco,497,Truth character,3,1629843159
177,Kevin Martinez,484,Particularly sense collection protect,5,1619512396
100,Miranda Watson,450,Over our stock catch,2,1625217135
233,Emily Dunn,11,Open who between,2,1620404289
76,Susan Cannon,359,Question window,4,1638113461
265,Laura King,354,Lot modern,1,1617897382
284,Crystal Jackson,474,Floor since push,3,1632891083
206,Yvonne Diaz MD,146,Traditional sea central late,4,1625383846
223,Andrea Graham,85,Walk,5,1639897970
52,Chelsey Parker,100,Least outside five mother,3,1624353485
144,Tonya Lozano,104,Address south town information,1,1632510749
69,Dawn Tyler,436,Send test enough,1,1625928296
99,Brittany Johnson,46,Take rate,2,1617987825
25,Donald Stark,44,Approach career,4,1638848746
53,Brittney Small PhD,278,Far here free,5,1612687535
151,Justin Hernandez,181,Bad all space,3,1622616274
144,Tonya Lozano,187,Project ahead,1,1629232158
57,Sarah Miller,478,Back past which conference,3,1629792490
39,Brenda Mccormick DDS,114,Discuss right ready,5,1638643441
109,Mary Young,491,Reduce place thousand,3,1613784042
181,Angela Myers,255,Safe spring,4,1628270744
42,Keith Ross,381,Out outside PM,2,1639033027
186,Kevin Soto,380,Size purpose,3,1619108849
223,Andrea Graham,30,Service especially,2,1624573874
122,Leah Larson,264,Accept,5,1620449548
133,Ruth Ross,98,Long various indicate,2,1637296099
163,Thomas Odonnell,313,Assume tonight,3,1630688190
215,Jamie Holland,367,Situation model kind,3,1611407231
221,Jean Braun,329,Become career both program,1,1622404093
235,Victoria Romero,115,Position well defense,3,1633789609
146,Christopher Evans,276,Heart seat fear,2,1630710268
239,Justin Stephens,488,Discussion board,1,1611104693
76,Susan Cannon,281,Market response,3,1616812388
9,Daniel Johnson,275,Receive scene leader,3,1614102338
74,Anna Perkins,261,Generation difficult support before,5,1624189263
253,Joshua Harper,331,If radio range,1,1628740569
230,John Miller,207,Much poor paper,5,1628512999
7,Jessica Williams,384,Institution half small,5,1618331831
174,Emily Day DDS,328,Part,5,1631756134
141,Sydney Thompson,211,Training most,4,1627190034
168,Kevin Weeks,215,Base will,5,1623946669
170,Joseph Gonzalez,411,Visit pull then inside,2,1623278990
283,Carrie Pacheco,40,Issue month whom rise,3,1626269215
122,Leah Larson,480,Prove although audience,4,1623967408
194,Linda Lowery,26,Central goal story class,5,1632670100
5,Wendy Mack,27,Talk accept within,3,1634504256
29,Amber Thomas,190,My feeling,1,1628636357
165,Patrick Brown,83,He fill but state,1,1639513626
136,Jennifer Simon,384,Institution half small,3,1620395158
145,Charlotte Gordon,434,Southern imagine,2,1613993262
217,Barbara Mckenzie,170,But perform body,3,1631701982
132,Raven Williams,413,Matter agreement,3,1612738315
292,Yvette Rice,167,Finish finish,4,1628295252
70,Amanda Walton,188,Everybody still,1,1629610483
252,Chase Conley,169,Situation choose,1,1611568772
275,Wendy Fox,289,Total company water,5,1630711176
182,Christina Jones,467,Agent this,3,1618655635
167,Dr. Richard Mccormick DVM,229,Material add,3,1634927469
91,Luis Harper,467,Agent this,2,1625439825
202,Sonya Nguyen,97,Soldier,1,1628380540
19,Tyler Franco,367,Situation model kind,2,1610588629
39,Brenda Mccormick DDS,16,Bank win sort,4,1628977991
126,Joshua Williams,279,South degree,5,1638901832
173,Michele Simmons,135,Brother,2,1614462790
141,Sydney Thompson,26,Central goal story class,1,1612726301
242,Robert Doyle,352,Spring walk,4,1613986428
220,Laura Williams,12,Writer role then,3,1613029073
126,Joshua Williams,72,Executive course follow,4,1614022106
58,Jacqueline Aguilar,133,Also mind,2,1626031375
148,Micheal Gomez,106,Cold various,1,1628843220
1,Robert Humphrey,220,Rise dream fire,2,1610833540
190,Amber Hunter,373,Beat particularly age sit,3,1640743926
191,Stephanie Harrison,453,Cut four,3,1613475484
117,Christopher Simmons,177,Detail including south,1,1611394404
134,Jeffrey Jones,282,Million Mr behind,5,1639416170
58,Jacqueline Aguilar,133,Also mind,4,1628737405
44,Marie Garcia,22,Yet to low,4,1626354197
173,Michele Simmons,463,True American course,3,1614178765
160,Jose Hamilton,269,Federal cost management,2,1636447672
173,Michele Simmons,412,Apply capital school,2,1638010962
149,Tommy Stephens,161,Collection,5,1614498722
80,Alice Jones,107,Recent among pick laugh,2,1621098455
213,Randy Miller,279,South degree,4,1612642025
203,Craig King,353,Wonder scientist statement,2,1630552123
252,Chase Conley,235,Direction phone eye,5,1621814213
229,Olivia Whitney,18,I process,4,1640588475
164,Kara Ramirez,242,International not foreign,2,1626786050
227,Amy Day,117,Pattern suddenly,4,1612186273
147,Jacob Miller,286,Growth than,3,1640464172
20,Emily Casey,282,Million Mr behind,3,1612695345
47,Carol Jones MD,144,Evidence energy,3,1611998721
233,Emily Dunn,205,Top idea,2,1629341454
14,Jon Orr,39,Maybe kind certain,5,1637767076
143,Ashley Marsh DDS,417,Change technology bed,4,1628148366
1,Robert Humphrey,154,Write administration,1,1629225147
54,Michelle Green,176,Of need,3,1617676639
259,Dawn Walter,449,Material television,3,1636466004
144,Tonya Lozano,241,Safe effort himself whether,1,1619730879
12,Jack Flores,422,Exactly dog marriage,1,1634559440
224,Connie Sullivan,386,Resource about with,2,1639997921
272,Todd Conley,369,Memory past,4,1629177055
156,Mrs. Ann Luna,134,Young interest,3,1634335217
8,Hannah Hendrix,46,Take rate,5,1615159662
122,Leah Larson,50,Imagine raise before,2,1633718451
164,Kara Ramirez,166,Yeah inside year,2,1611170838
90,Jeffrey Parker,106,Cold various,5,1622651234
136,Jennifer Simon,216,Hit story,5,1618786852
186,Kevin Soto,146,Traditional sea central late,5,1638614634
178,Charles Smith,411,Visit pull then inside,1,1633280808
28,Mark Mcdonald,425,As piece at,3,1613194468
220,Laura Williams,72,Executive course follow,1,1636769080
41,Carrie Tucker,476,Good property,3,1639920224
228,Madeline Durham,330,Speak than,1,1625480984
192,Brandi Sanchez,273,Watch vote,4,1637866093
145,Charlotte Gordon,247,Beat too this,3,1631213604
201,John Scott,446,Film success right,2,1610248231
212,Suzanne Petty,413,Matter agreement,3,1640217684
220,Laura Williams,186,Road inside,3,1621744941
240,Manuel Carter,70,Recognize occur name fly,3,1626205883
46,Steven Craig,462,Sing age,4,1626976495
35,Mrs. Mary Rodriguez,150,Campaign court,1,1614365029
253,Joshua Harper,246,Like realize popular,2,1610697703
82,Brianna Hall,262,Look sometimes central,1,1619131233
256,Andre Owen,26,Central goal story class,1,1616274962
197,Briana Wright,423,Strategy authority through,5,1629801352
10,Michael Nelson,140,You forget,4,1636099396
286,Richard Carroll,99,Certainly special relationship,5,1609792260
242,Robert Doyle,398,Face soldier,4,1632170456
251,Erik Jones,278,Far here free,1,1611413401
5,Wendy Mack,51,Most and,1,1620528018
119,Michael Perez,151,Food agent should,4,1633791971
289,Cory Contreras,432,Door anything appear office,1,1619133231
65,Kristin Harding,455,Travel method,1,1616574575
146,Christopher Evans,104,Address south town information,2,1634769039
224,Connie Sullivan,434,Southern imagine,5,1616247039
239,Justin Stephens,89,Benefit best,5,1636824518
177,Kevin Martinez,141,Right traditional,5,1620530705
267,Bradley Bowman,213,Appear spring address,3,1625706167
282,David Campbell,233,Hard Democrat fish,2,1640148884
63,David English,394,Draw another Mr,5,1621881118
217,Barbara Mckenzie,183,Seem area,5,1611007360
283,Carrie Pacheco,251,Hour such name,2,1612354178
177,Kevin Martinez,9,Cause during,1,1612939230
98,Christian Carr,79,Such no,5,1616268568
105,Brandon Cunningham,52,Shake until,1,1618234612
99,Brittany Johnson,386,Resource about with,5,1611319488
6,Crystal Jensen,409,Us free body,4,1620069181
197,Briana Wright,269,Federal cost management,3,1633825670
133,Ruth Ross,226,Civil place finish,5,1618973702
259,Dawn Walter,51,Most and,4,1619815047
23,Joshua Mccoy,186,Road inside,2,1621325842
53,Brittney Small PhD,34,Order line,4,1633993104
165,Patrick Brown,291,Sit serve majority,2,1633547402
202,Sonya Nguyen,230,Couple spend,5,1618842478
83,Angela Bryant,131,Pull certain professional,2,1628648424
145,Charlotte Gordon,490,To modern,4,1639604400
85,Eric Jones,120,Task card,3,1640239626
78,Danielle Williamson,443,Explain nature future,1,1612070373
1,Robert Humphrey,326,Over true star,1,1617502248
51,Jason Martinez,247,Beat too this,3,1611169725
173,Michele Simmons,432,Door anything appear office,1,1629168241
205,Nicole Kerr,192,Side future nor,5,1623870643
260,Jared Flores,497,Truth character,5,1624686785
288,Anna Schultz,403,Myself describe guy financial,4,1635419633
34,James Davis,323,Feeling front,4,1618370907
95,Chase Morton,210,Field small,2,1621159136
72,Sarah Olson,103,Always represent forward,4,1633166666
39,Brenda Mccormick DDS,329,Become career both program,5,1620704066
154,Brett Park,372,Certain economy factor,4,1624724903
250,Brenda Collins,460,Compare arrive member,1,1622920452
162,Robert Mcpherson,133,Also mind,2,1613054975
118,John Johnston,323,Feeling front,2,1626812531
259,Dawn Walter,139,Conference discuss why,5,1629798868
268,Kylie Tyler,121,Mention student,4,1628257429
54,Michelle Green,94,Between attention others,1,1613209717
236,Justin Michael,452,Out own wonder,4,1628402340
222,Catherine Hernandez,453,Cut four,3,1628873467
251,Erik Jones,129,Center practice involve,4,1618001162
112,Stephanie Nichols,91,Section hair,5,1633264597
255,Samantha Donaldson,92,High same several,4,1610975208
207,Richard Thomas,63,Matter speak price political,2,1625962164
229,Olivia Whitney,29,Seek bill,1,1630573132
66,Edgar Rowe,210,Field small,5,1626595189
75,Richard Walker,12,Writer role then,3,1640216691
103,Christopher Santiago,333,Total check,1,1615563196
192,Brandi Sanchez,297,Religious look better interest,1,1627655746
252,Chase Conley,130,Myself which indicate,2,1615608844
226,Kelly Montgomery,293,Material,2,1629465179
294,Hannah Daniels,173,Create especially include,2,1635429621
98,Christian Carr,208,Research school sometimes,5,1636307210
286,Richard Carroll,432,Door anything appear office,4,1638779018
249,Michaela Anderson,24,Possible during,1,1610562291
166,Gregory Lin,99,Certainly special relationship,4,1621739348
30,William Mathis,406,Over act,4,1634734470
247,Brittney Hoffman,356,Whether interview drug,2,1617354000
106,Joshua Soto,139,Conference discuss why,4,1632187183
51,Jason Martinez,314,Civil boy cell,1,1609518989
81,Gary Contreras,174,Guess window,1,1624846526
133,Ruth Ross,29,Seek bill,3,1640948671
285,Tara Hall,419,Protect,5,1612140128
138,Adam Carrillo,496,Despite recent,4,1632209738
184,Tanya Harris,143,Seat huge,5,1621160652
273,Jennifer Atkinson,316,Line concern,5,1618552768
69,Dawn Tyler,351,Heavy shoulder,5,1618721697
34,James Davis,42,Young somebody look improve,5,1621697672
262,Scott Henson,489,Amount anything tree,1,1631319628
53,Brittney Small PhD,299,Deep,4,1628838271
205,Nicole Kerr,208,Research school sometimes,3,1610389540
126,Joshua Williams,330,Speak than,5,1638369565
235,Victoria Romero,433,Reach wall only,3,1638609832
43,Angela Thornton,192,Side future nor,1,1633065900
240,Manuel Carter,160,Parent draw major,1,1613487076
111,Samuel Nunez,64,Wife difference hot,2,1632147758
249,Michaela Anderson,243,Daughter never interesting,5,1628545533
151,Justin Hernandez,258,Recognize,2,1629826694
183,Anita Johnson,152,Surface reflect,3,1626103949
95,Chase Morton,215,Base will,4,1627398909
8,Hannah Hendrix,322,So later,2,1625087023
184,Tanya Harris,166,Yeah inside year,1,1621619454
281,Daniel Evans,31,South activity bring coach,5,1620494469
195,Eric Guzman,371,Participant call final,3,1640979745
195,Eric Guzman,232,In population,1,1618372815
155,Joshua Snyder,282,Million Mr behind,4,1618062322
93,Katie Carter,29,Seek bill,5,1615642724
160,Jose Hamilton,195,Mouth its,4,1634757165
61,Benjamin Smith,334,Rather two wife,4,1628912570
122,Leah Larson,256,Beat conference,5,1627358277
51,Jason Martinez,281,Market response,5,1618122887
277,Peter Miller,304,Report area bed,4,1634072855
5,Wendy Mack,321,Commercial stop hope,3,1620850754
92,Jonathan Gonzales,437,Floor,5,1622610435
170,Joseph Gonzalez,323,Feeling front,1,1635013855
22,Christopher Johnson,346,Society former sense,2,1615584768
1,Robert Humphrey,402,Point book specific set,3,1622322796
133,Ruth Ross,393,However ready,5,1639654462
233,Emily Dunn,294,Marriage kind,5,1639946187
12,Jack Flores,87,Send design,3,1639550729
46,Steven Craig,149,Us social,2,1611274889
34,James Davis,249,Class young success,4,1613075377
78,Danielle Williamson,321,Commercial stop hope,1,1631385131
218,Rachel Michael DDS,405,Attention plant yeah,5,1636868469
73,Karen Arnold,283,Congress option,2,1629699069
282,David Campbell,362,Market left give,1,1618379183
249,Michaela Anderson,379,Next speech,3,1636678102
47,Carol Jones MD,198,College camera fill,5,1623375621
121,Alyssa Patel,44,Approach career,4,1623539927
214,Evan Ramos,356,Whether interview drug,3,1620371576
239,Justin Stephens,28,Outside since full,5,1632136855
56,Laura Sanders,429,Science follow skill,2,1621171924
107,Tracy Riddle,17,Station ask,1,1630409207
48,Laura Knox,127,Color section,1,1640741609
61,Benjamin Smith,379,Next speech,5,1613050206
26,Holly Hoffman,168,Age evening,3,1624608575
292,Yvette Rice,244,Within history,4,1634811613
257,Jason Hill,387,Box respond dinner,2,1612260577
8,Hannah Hendrix,76,People nearly body,5,1626703569
113,Diamond White,231,Again sport,2,1612288907
253,Joshua Harper,204,About ever consumer,1,1609959842
180,Kristen Fuentes,450,Over our stock catch,4,1637260358
207,Richard Thomas,248,School,2,1631901672
127,William Shaw,302,Visit note here,5,1633891687
56,Laura Sanders,214,Recent kitchen scientist,4,1630984280
214,Evan Ramos,215,Base will,3,1632057605
14,Jon Orr,158,Southern door,5,1626457536
28,Mark Mcdonald,69,Impact nothing,2,1627318637
78,Danielle Williamson,393,However ready,4,1626257595
216,Christopher Lewis,85,Walk,5,1613644911
154,Brett Park,267,Argue onto,4,1614188483
14,Jon Orr,69,Impact nothing,4,1626890140
187,David Lee,99,Certainly special relationship,4,1612864933
7,Jessica Williams,347,Research seek,2,1633789166
3,Sarah Adams,497,Truth character,5,1635905499
111,Samuel Nunez,450,Over our stock catch,1,1624446719
238,Amanda Bradley,216,Hit story,1,1640225429
239,Justin Stephens,415,Type world,2,1621163646
274,William Hartman,161,Collection,2,1614464903
294,Hannah Daniels,423,Strategy authority through,4,1626789182
227,Amy Day,94,Between attention others,5,1636122591
15,Christine Perry,174,Guess window,5,1610447328
192,Brandi Sanchez,165,Team Republican,3,1609761676
119,Michael Perez,115,Position well defense,3,1633452442
28,Mark Mcdonald,220,Rise dream fire,1,1613430673
202,Sonya Nguyen,444,Nation road it,3,1632573772
39,Brenda Mccormick DDS,31,South activity bring coach,3,1624098237
273,Jennifer Atkinson,11,Open who between,1,1620071821
231,Janice Bell,343,Key road green,1,1616316042
86,Joseph Burton,377,Subject however guess,3,1630411505
126,Joshua Williams,130,Myself which indicate,5,1635342964
300,Kimberly Lynch,488,Discussion board,3,1634794197
25,Donald Stark,105,Military stand,4,1627441123
145,Charlotte Gordon,27,Talk accept within,4,1623973904
13,Jason Herrera,227,Analysis tree their,4,1637549234
212,Suzanne Petty,2,Pass simple southern,2,1635170015
25,Donald Stark,359,Question window,4,1614543629
68,Luke Clark,101,Us say,5,1614108137
67,Andre Santana,21,Book job left,2,1631145308
233,Emily Dunn,58,Forward husband model,2,1617457797
109,Mary Young,389,Professor level place,4,1625615985
146,Christopher Evans,180,Middle believe speech,3,1626188728
111,Samuel Nunez,429,Science follow skill,1,1640818819
228,Madeline Durham,341,Local letter especially,3,1638506634
111,Samuel Nunez,349,Man leg industry,3,1620480876
34,James Davis,20,Set within beyond,2,1616378599
111,Samuel Nunez,255,Safe spring,2,1637971913
264,Daniel Green,317,Sign,2,1613922166
236,Justin Michael,38,Enjoy,5,1613823067
83,Angela Bryant,148,Individual turn dog,5,1631618314
42,Keith Ross,498,List or admit,1,1611032674
101,Roger Collier,25,Happy hear,2,1616213710
6,Crystal Jensen,386,Resource about with,4,1639115783
180,Kristen Fuentes,121,Mention student,2,1619022803
282,David Campbell,416,Movement general,5,1636459889
226,Kelly Montgomery,26,Central goal story class,2,1630210452
229,Olivia Whitney,454,Respond again education,5,1615175488
289,Cory Contreras,169,Situation choose,2,1634860636
150,Denise Cook,323,Feeling front,4,1639062423
277,Peter Miller,225,Little husband,1,1637558941
198,Lindsey Wu,1,Area together show,4,1613128039
70,Amanda Walton,307,Record magazine,5,1632874208
112,Stephanie Nichols,261,Generation difficult support before,3,1624705363
4,Kyle Rios,13,Identify brother culture,4,1614247864
95,Chase Morton,403,Myself describe guy financial,2,1622681807
152,Brad Hubbard,396,Perform,1,1616001096
137,Cory Mcbride,48,Indicate industry contain,2,1635716574
247,Brittney Hoffman,409,Us free body,2,1624814480
243,Jack Rodriguez,313,Assume tonight,4,1619391546
31,Mr. Jesse Stevens,371,Participant call final,1,1618810142
40,Shawn Estrada,291,Sit serve majority,3,1615308351
229,Olivia Whitney,332,Left good,2,1621301503
36,Michele Garcia,94,Between attention others,1,1632888879
223,Andrea Graham,261,Generation difficult support before,3,1617576726
6,Crystal Jensen,482,Practice truth seat the,2,1635511493
220,Laura Williams,278,Far here free,1,1623558301
75,Richard Walker,359,Question window,4,1635890486
4,Kyle Rios,205,Top idea,2,1612672006
134,Jeffrey Jones,185,Born affect later,2,1633422071
118,John Johnston,175,Near heart room,1,1637314415
94,Richard Johnson,438,Rule rest Democrat,2,1610354919
62,Amy Stuart,387,Box respond dinner,3,1613797481
194,Linda Lowery,380,Size purpose,2,1632526829
203,Craig King,309,Require world late,5,1615216074
26,Holly Hoffman,468,Too pull,3,1632287329
173,Michele Simmons,415,Type world,1,1616902923
300,Kimberly Lynch,69,Impact nothing,3,1620163131
133,Ruth Ross,472,Best nice off,5,1613301243
118,John Johnston,104,Address south town information,5,1629585395
275,Wendy Fox,246,Like realize popular,2,1619837932
212,Suzanne Petty,161,Collection,2,1630704110
225,Cameron Perez,200,Say and let,4,1618112410
20,Emily Casey,216,Hit story,3,1611026937
113,Diamond White,434,Southern imagine,4,1635863179
140,Michael Thomas,212,Officer when represent,5,1627291020
47,Carol Jones MD,16,Bank win sort,2,1627519815
1,Robert Humphrey,498,List or admit,2,1611870397
90,Jeffrey Parker,372,Certain economy factor,2,1611553916
142,Brandon Taylor,332,Left good,1,1636953500
38,Omar Ford,205,Top idea,5,1616412322
293,Nicole Burns MD,365,Set pretty,2,1620837947
139,Sherry Kennedy,490,To modern,5,1618661918
259,Dawn Walter,39,Maybe kind certain,2,1610336076
161,Michael Fox,89,Benefit best,3,1634899531
178,Charles Smith,430,Time scientist,5,1636343026
10,Michael Nelson,256,Beat conference,4,1624203068
261,Albert Lopez,480,Prove although audience,1,1631593729
138,Adam Carrillo,254,Page,4,1611604896
172,Victoria Newton,216,Hit story,5,1617683911
13,Jason Herrera,368,Turn wear,2,1629382333
168,Kevin Weeks,303,Believe serve important,5,1631228904
130,Crystal Arroyo,172,Recognize physical per hold,1,1623342456
84,Aaron Adams,137,Bring money grow,5,1635681082
101,Roger Collier,488,Discussion board,2,1630162932
273,Jennifer Atkinson,498,List or admit,4,1620854448
265,Laura King,471,Personal suddenly,3,1616233960
38,Omar Ford,384,Institution half small,4,1627810079
94,Richard Johnson,178,During learn threat,2,1629341989
95,Chase Morton,77,All consumer,2,1634222427
69,Dawn Tyler,188,Everybody still,1,1622445262
236,Justin Michael,480,Prove although audience,5,1623410390
137,Cory Mcbride,498,List or admit,5,1627606359
76,Susan Cannon,15,Trouble ground,4,1637462156
35,Mrs. Mary Rodriguez,292,System understand,3,1621297236
1,Robert Humphrey,497,Truth character,3,1614056629
296,Blake Griffin,319,Sense spend,1,1631570763
60,Spencer Huffman,325,State nearly,2,1630279295
267,Bradley Bowman,214,Recent kitchen scientist,1,1626852108
229,Olivia Whitney,208,Research school sometimes,5,1628019734
270,Brenda Gray,169,Situation choose,2,1621212401
286,Richard Carroll,330,Speak than,1,1615123309
291,Tina Edwards,280,Method station,4,1626339434
213,Randy Miller,466,Air while where,5,1622196059
165,Patrick Brown,305,Own weight direction,3,1634846349
5,Wendy Mack,146,Traditional sea central late,1,1617334928
78,Danielle Williamson,263,Program hope,5,1613689111
62,Amy Stuart,4,Address way thousand,5,1617909492
132,Raven Williams,90,Week task,3,1621423033
89,Katelyn Conrad,453,Cut four,3,1619710142
237,Wyatt Case,60,Read return,3,1609997089
42,Keith Ross,311,Military control fly state,1,1611156658
89,Katelyn Conrad,16,Bank win sort,3,1612343919
296,Blake Griffin,227,Analysis tree their,4,1640546005
295,Cynthia Butler,474,Floor since push,5,1634112649
104,Zoe Scott,466,Air while where,3,1631489397
14,Jon Orr,29,Seek bill,5,1635823303
288,Anna Schultz,151,Food agent should,2,1633255316
179,Jerry Wells,245,Remain team,2,1636300708
125,Anthony Williams,270,Window whether,3,1610937862
23,Joshua Mccoy,79,Such no,5,1633232217
63,David English,433,Reach wall only,2,1618268239
143,Ashley Marsh DDS,289,Total company water,3,1640454302
153,Sean Alvarez MD,153,Visit beat,5,1617837956
145,Charlotte Gordon,277,Bad dog image,3,1632547087
225,Cameron Perez,401,Manager senior factor,5,1623837166
104,Zoe Scott,279,South degree,2,1635294408
104,Zoe Scott,57,Leave statement,3,1626313365
39,Brenda Mccormick DDS,491,Reduce place thousand,2,1620813247
198,Lindsey Wu,465,Office likely purpose,3,1618850294
134,Jeffrey Jones,186,Road inside,1,1612257195
67,Andre Santana,398,Face soldier,2,1639712039
179,Jerry Wells,93,Source campaign prove,2,1628320236
42,Keith Ross,276,Heart seat fear,4,1610212132
15,Christine Perry,158,Southern door,2,1633785677
111,Samuel Nunez,275,Receive scene leader,5,1636077327
157,Adam Arnold,181,Bad all space,3,1630319571
289,Cory Contreras,359,Question window,1,1613270846
231,Janice Bell,440,Report consider,5,1636164587
157,Adam Arnold,77,All consumer,5,1633045163
38,Omar Ford,466,Air while where,5,1634102489
97,Douglas Trujillo,151,Food agent should,5,1632947336
289,Cory Contreras,446,Film success right,1,1619181794
254,Michael Johnson,238,Involve cut,4,1618436651
196,Michelle Taylor,289,Total company water,2,1636785171
86,Joseph Burton,231,Again sport,5,1628278252
10,Michael Nelson,488,Discussion board,2,1633791094
5,Wendy Mack,18,I process,2,1627887557
123,Cynthia Howell,73,Car sometimes,5,1637185769
118,John Johnston,417,Change technology bed,4,1640494537
294,Hannah Daniels,416,Movement general,2,1636031855
159,Laura Baker MD,189,Avoid myself,3,1632068986
228,Madeline Durham,438,Rule rest Democrat,2,1640839584
216,Christopher Lewis,17,Station ask,5,1635928399
184,Tanya Harris,19,Particular plan,1,1627670883
15,Christine Perry,219,Example security,2,1610680581
157,Adam Arnold,326,Over true star,4,1638309458
136,Jennifer Simon,483,Available mouth structure,3,1625487169
261,Albert Lopez,120,Task card,3,1636763921
157,Adam Arnold,101,Us say,1,1612305129
47,Carol Jones MD,34,Order line,1,1612265499
173,Michele Simmons,84,Natural opportunity,2,1635491579
130,Crystal Arroyo,409,Us free body,5,1639526723
95,Chase Morton,196,Hour party,4,1616100604
115,Rebecca Smith,330,Speak than,3,1620928448
243,Jack Rodriguez,202,Stock understand,1,1623012078
292,Yvette Rice,344,Measure also watch movie,4,1638201321
282,David Campbell,341,Local letter especially,5,1632521585
299,April Stevens,11,Open who between,3,1632901071
283,Carrie Pacheco,347,Research seek,3,1629324716
69,Dawn Tyler,400,Speak able list,5,1634744121
148,Micheal Gomez,218,According stop collection,3,1610556078
11,Renee Hall,445,Sometimes,5,1640514753
254,Michael Johnson,253,Its young,3,1636405939
38,Omar Ford,222,Relate service,2,1638186403
134,Jeffrey Jones,383,So various,5,1632364326
200,Christina Martinez,369,Memory past,4,1635412694
23,Joshua Mccoy,80,Sister down civil,2,1614914009
218,Rachel Michael DDS,7,Its my,4,1621861578
141,Sydney Thompson,272,Not,3,1637914873
104,Zoe Scott,227,Analysis tree their,4,1622623593
210,Amanda Harrington,16,Bank win sort,2,1634267392
111,Samuel Nunez,424,Mind account low,5,1621322314
104,Zoe Scott,12,Writer role then,1,1613143895
171,Dana Howard,291,Sit serve majority,4,1629678793
133,Ruth Ross,241,Safe effort himself whether,1,1610821261
293,Nicole Burns MD,21,Book job left,4,1622536397
127,William Shaw,178,During learn threat,4,1626811078
106,Joshua Soto,427,Usually speech enter,5,1614486934
92,Jonathan Gonzales,228,Discuss manage house,3,1616745130
287,Sarah Erickson,496,Despite recent,2,1616986005
51,Jason Martinez,273,Watch vote,2,1624315195
29,Amber Thomas,288,Rich however company,2,1625577187
296,Blake Griffin,297,Religious look better interest,3,1614210970
297,Andrew Myers,134,Young interest,1,1633472951
214,Evan Ramos,472,Best nice off,2,1627697537
267,Bradley Bowman,283,Congress option,1,1629832614
257,Jason Hill,404,Agent address,3,1614936242
101,Roger Collier,153,Visit beat,3,1616120173
110,David Torres,66,Compare someone assume,5,1623599378
182,Christina Jones,137,Bring money grow,2,1615965757
1,Robert Humphrey,92,High same several,5,1620163398
55,James Scott,437,Floor,2,1611136203
149,Tommy Stephens,317,Sign,3,1614802370
137,Cory Mcbride,422,Exactly dog marriage,3,1618838974
202,Sonya Nguyen,259,Can fly,4,1631979886
117,Christopher Simmons,468,Too pull,4,1633635399
154,Brett Park,454,Respond again education,3,1625537613
291,Tina Edwards,103,Always represent forward,3,1638539964
63,David English,481,Whom quite involve,1,1621421923
244,Alexandra Cooper,55,Out outside move,1,1610122822
25,Donald Stark,257,Also yard,5,1638731526
90,Jeffrey Parker,101,Us say,4,1611708209
75,Richard Walker,198,College camera fill,4,1623945951
294,Hannah Daniels,301,Heavy late each,3,1613996871
210,Amanda Harrington,226,Civil place finish,3,1619413241
17,Randy Gonzalez,431,Choice catch,5,1620514891
128,Lisa Jones,463,True American course,4,1627483721
251,Erik Jones,237,Room situation,1,1636201470
179,Jerry Wells,26,Central goal story class,2,1617436301
182,Christina Jones,121,Mention student,5,1619844168
152,Brad Hubbard,398,Face soldier,2,1623864933
25,Donald Stark,182,Enter main cover,1,1613565021
180,Kristen Fuentes,199,Question season information,1,1610087492
198,Lindsey Wu,302,Visit note here,2,1628897856
161,Michael Fox,255,Safe spring,5,1635251904
177,Kevin Martinez,122,Administration food check,2,1633018296
285,Tara Hall,31,South activity bring coach,5,1629383229
63,David English,472,Best nice off,5,1631429651
150,Denise Cook,315,Unit resource,3,1621926640
154,Brett Park,479,Through resource,4,1612440778
156,Mrs. Ann Luna,285,Term again pay quickly,4,1623543705
49,Crystal Gutierrez,106,Cold various,1,1622234923
84,Aaron Adams,224,Season hour low,3,1615221442
177,Kevin Martinez,273,Watch vote,4,1633257413
148,Micheal Gomez,398,Face soldier,5,1619800125
118,John Johnston,232,In population,5,1622935658
63,David English,420,Subject red red,2,1634011260
189,Rebekah Hunt,256,Beat conference,2,1613115180
49,Crystal Gutierrez,442,Science bag another,5,1624996106
257,Jason Hill,496,Despite recent,5,1616223175
224,Connie Sullivan,24,Possible during,2,1620652508
141,Sydney Thompson,109,Usually meeting each bed,4,1619562657
215,Jamie Holland,191,Much certainly bed forget,1,1625400663
211,Scott Welch PhD,347,Research seek,2,1615834925
32,Nicole Fischer,25,Happy hear,4,1613405692
158,Mr. Justin Ramos,187,Project ahead,4,1622097007
285,Tara Hall,288,Rich however company,4,1625585488
286,Richard Carroll,116,Window suddenly,3,1626193439
144,Tonya Lozano,338,Result it less eye,3,1626131914
19,Tyler Franco,366,Drive debate,4,1620181601
18,Ryan Barton,402,Point book specific set,5,1626635735
257,Jason Hill,37,Doctor day too,3,1627144894
78,Danielle Williamson,282,Million Mr behind,2,1634509852
175,Ryan Schneider,137,Bring money grow,3,1617775151
194,Linda Lowery,227,Analysis tree their,5,1617128943
113,Diamond White,320,Parent fact,1,1622366969
114,Kyle Gonzalez,328,Part,3,1630644961
222,Catherine Hernandez,404,Agent address,4,1614236431
166,Gregory Lin,182,Enter main cover,4,1610989720
132,Raven Williams,362,Market left give,4,1615705060
264,Daniel Green,86,Car despite,1,1613367111
55,James Scott,467,Agent this,5,1613531420
131,George Smith,414,Along human find,2,1623456435
288,Anna Schultz,53,Agency happy pay,5,1616793901
266,Joe Mora,348,Relate woman performance,1,1628412056
162,Robert Mcpherson,355,Yard impact information,4,1629737193
87,Elizabeth Moore,235,Direction phone eye,5,1637216790
55,James Scott,447,Together,2,1613918625
288,Anna Schultz,267,Argue onto,4,1625041346
178,Charles Smith,287,Simply,2,1621228637
8,Hannah Hendrix,433,Reach wall only,3,1612921713
247,Brittney Hoffman,496,Despite recent,2,1611950836
255,Samantha Donaldson,487,Black purpose remember,4,1631331617
54,Michelle Green,100,Least outside five mother,3,1611086495
249,Michaela Anderson,478,Back past which conference,4,1623369588
239,Justin Stephens,87,Send design,4,1627961116
229,Olivia Whitney,403,Myself describe guy financial,3,1622233096
67,Andre Santana,396,Perform,2,1630340033
51,Jason Martinez,15,Trouble ground,1,1620615352
97,Douglas Trujillo,415,Type world,1,1619646758
92,Jonathan Gonzales,427,Usually speech enter,1,1638471814
264,Daniel Green,101,Us say,1,1621660781
291,Tina Edwards,165,Team Republican,5,1623886916
96,Michael Cohen,463,True American course,1,1640758919
88,Christopher Wright,29,Seek bill,3,1632084598
78,Danielle Williamson,114,Discuss right ready,1,1612243829
288,Anna Schultz,107,Recent among pick laugh,4,1616688913
120,Stephanie Gutierrez,410,White door turn,1,1614984549
165,Patrick Brown,364,Reality plant,2,1633976685
182,Christina Jones,130,Myself which indicate,3,1614127441
223,Andrea Graham,84,Natural opportunity,3,1611287216
7,Jessica Williams,271,Coach cold,5,1615803752
263,Joel Murray,244,Within history,4,1614691092
161,Michael Fox,388,Argue during,3,1623941769
151,Justin Hernandez,214,Recent kitchen scientist,2,1633322345
85,Eric Jones,306,Argue thing,1,1633265283
147,Jacob Miller,166,Yeah inside year,3,1626739243
112,Stephanie Nichols,279,South degree,2,1625227898
36,Michele Garcia,59,Far carry until,1,1626808967
285,Tara Hall,90,Week task,5,1636944750
188,Amber Michael,371,Participant call final,3,1627389812
82,Brianna Hall,331,If radio range,3,1624771197
2,Rebecca Casey,412,Apply capital school,2,1626936246
197,Briana Wright,194,Especially,4,1638513938
11,Renee Hall,123,Film those feeling,5,1626725870
234,Diane Powell,136,Too best,4,1635963967
195,Eric Guzman,413,Matter agreement,3,1639639335
119,Michael Perez,139,Conference discuss why,4,1617831474
20,Emily Casey,229,Material add,1,1624904328
261,Albert Lopez,274,Make must improve,5,1623374493
293,Nicole Burns MD,439,Speak few report,4,1640867383
256,Andre Owen,50,Imagine raise before,1,1623913552
222,Catherine Hernandez,398,Face soldier,2,1632757991
226,Kelly Montgomery,118,College a,4,1635049387
53,Brittney Small PhD,202,Stock understand,5,1628886970
280,Erin Lane,483,Available mouth structure,1,1619426702
81,Gary Contreras,393,However ready,4,1622394307
202,Sonya Nguyen,483,Available mouth structure,2,1636376389
158,Mr. Justin Ramos,395,Station mother,4,1610293375
120,Stephanie Gutierrez,191,Much certainly bed forget,1,1613880445
59,Michael Mata,364,Reality plant,4,1638158652
215,Jamie Holland,460,Compare arrive member,5,1610835535
128,Lisa Jones,323,Feeling front,3,1625235417
224,Connie Sullivan,181,Bad all space,1,1630918520
209,Hector Morris,423,Strategy authority through,1,1632900452
115,Rebecca Smith,78,Difference yet,1,1616277910
209,Hector Morris,440,Report consider,1,1615617868
14,Jon Orr,412,Apply capital school,4,1610883758
9,Daniel Johnson,75,Agree history,5,1634104464
40,Shawn Estrada,295,Place cell a,2,1615394744
237,Wyatt Case,281,Market response,5,1640310397
281,Daniel Evans,21,Book job left,1,1617034421
201,John Scott,394,Draw another Mr,4,1634059994
246,Emily Hensley,171,Loss,4,1638427059
278,Ashley Hansen,15,Trouble ground,1,1628152804
235,Victoria Romero,211,Training most,4,1615030354
4,Kyle Rios,48,Indicate industry contain,1,1616296358
154,Brett Park,86,Car despite,5,1633527436
29,Amber Thomas,149,Us social,3,1632620877
109,Mary Young,188,Everybody still,4,1630843375
98,Christian Carr,372,Certain economy factor,1,1615580254
215,Jamie Holland,492,Computer within,1,1626687852
293,Nicole Burns MD,480,Prove although audience,4,1610161345
75,Richard Walker,306,Argue thing,2,1621292653
146,Christopher Evans,151,Food agent should,1,1634449971
128,Lisa Jones,141,Right traditional,4,1609663590
42,Keith Ross,69,Impact nothing,1,1635348580
41,Carrie Tucker,260,Rich head,2,1614947469
34,James Davis,476,Good property,3,1638531272
17,Randy Gonzalez,334,Rather two wife,2,1623752137
165,Patrick Brown,456,Occur,5,1625183038
153,Sean Alvarez MD,9,Cause during,4,1636924102
76,Susan Cannon,121,Mention student,2,1615780056
87,Elizabeth Moore,371,Participant call final,3,1627431469
117,Christopher Simmons,419,Protect,1,1617178616
27,Mary Ford,101,Us say,4,1640969243
287,Sarah Erickson,149,Us social,2,1621416961
134,Jeffrey Jones,442,Science bag another,3,1614906750
219,Michael Thornton,146,Traditional sea central late,2,1616423440
168,Kevin Weeks,353,Wonder scientist statement,5,1622935354
98,Christian Carr,456,Occur,4,1638646707
268,Kylie Tyler,243,Daughter never interesting,1,1637922380
237,Wyatt Case,241,Safe effort himself whether,3,1631834577
173,Michele Simmons,337,Safe necessary standard,2,1610396034
190,Amber Hunter,43,Region few,4,1622778738
122,Leah Larson,95,Maybe wait protect,2,1612214948
46,Steven Craig,226,Civil place finish,4,1629058144
64,Cheryl Roberts,6,Such authority,5,1617615976
130,Crystal Arroyo,214,Recent kitchen scientist,2,1617699351
193,Ms. Jennifer Jones DVM,206,Walk form magazine election,5,1610922183
181,Angela Myers,67,Figure born treatment,3,1639977506
292,Yvette Rice,396,Perform,5,1621208065
282,David Campbell,100,Least outside five mother,4,1615525152
29,Amber Thomas,12,Writer role then,3,1632890187
149,Tommy Stephens,237,Room situation,2,1632852309
267,Bradley Bowman,322,So later,2,1639457740
296,Blake Griffin,258,Recognize,4,1639066249
11,Renee Hall,399,Word never,1,1610413392
164,Kara Ramirez,407,Have almost,1,1615428669
113,Diamond White,413,Matter agreement,2,1634186538
187,David Lee,337,Safe necessary standard,4,1627525316
295,Cynthia Butler,480,Prove although audience,1,1627639160
232,Benjamin Pruitt,135,Brother,5,1620100154
227,Amy Day,222,Relate service,2,1615398664
98,Christian Carr,156,Peace certain,5,1626462028
55,James Scott,142,None per,4,1624538811
111,Samuel Nunez,428,Paper adult well determine,5,1629076030
152,Brad Hubbard,158,Southern door,1,1626609971
246,Emily Hensley,465,Office likely purpose,1,1617890070
69,Dawn Tyler,416,Movement general,3,1611537437
289,Cory Contreras,494,Occur almost us,2,1617177590
250,Brenda Collins,326,Over true star,4,1613759939
36,Michele Garcia,371,Participant call final,2,1637749780
239,Justin Stephens,344,Measure also watch movie,5,1613215530
148,Micheal Gomez,262,Look sometimes central,4,1633242824
227,Amy Day,283,Congress option,4,1639508614
244,Alexandra Cooper,338,Result it less eye,1,1610102806
201,John Scott,344,Measure also watch movie,5,1624126393
154,Brett Park,229,Material add,1,1626628694
73,Karen Arnold,376,Red four significant,1,1638682142
201,John Scott,280,Method station,3,1628875384
296,Blake Griffin,358,Avoid product,1,1616799300
17,Randy Gonzalez,290,Left remember,2,1629189253
129,Heather Griffin,168,Age evening,4,1621692864
217,Barbara Mckenzie,47,Those actually property,1,1634978106
61,Benjamin Smith,463,True American course,2,1627775387
104,Zoe Scott,203,Girl,5,1613171345
42,Keith Ross,214,Recent kitchen scientist,4,1623345623
25,Donald Stark,246,Like realize popular,5,1622418252
39,Brenda Mccormick DDS,24,Possible during,2,1637996512
291,Tina Edwards,321,Commercial stop hope,5,1614763401
131,George Smith,274,Make must improve,5,1614189318
229,Olivia Whitney,44,Approach career,5,1635388895
108,Holly Ward,332,Left good,1,1609943980
172,Victoria Newton,313,Assume tonight,1,1640549973
102,Steven Lawson,363,Stock per forget service,1,1617955343
12,Jack Flores,156,Peace certain,4,1626251479
275,Wendy Fox,488,Discussion board,2,1630042227
101,Roger Collier,380,Size purpose,1,1627813493
44,Marie Garcia,199,Question season information,5,1615511309
17,Randy Gonzalez,407,Have almost,5,1619129226
57,Sarah Miller,469,Hair free north,5,1614787026
12,Jack Flores,162,As everybody,5,1639432534
80,Alice Jones,395,Station mother,3,1630082721
216,Christopher Lewis,470,Nation us half run,4,1626173627
264,Daniel Green,234,Participant imagine final,2,1627308647
149,Tommy Stephens,163,Get dream,2,1627774092
81,Gary Contreras,116,Window suddenly,1,1634309798
215,Jamie Holland,93,Source campaign prove,3,1615511067
198,Lindsey Wu,42,Young somebody look improve,2,1628885927
200,Christina Martinez,284,Western wait,4,1623897359
25,Donald Stark,379,Next speech,5,1623214129
89,Katelyn Conrad,210,Field small,1,1615061362
268,Kylie Tyler,206,Walk form magazine election,4,1610819071
143,Ashley Marsh DDS,466,Air while where,2,1637248667
59,Michael Mata,220,Rise dream fire,3,1635818307
26,Holly Hoffman,280,Method station,1,1640051547
47,Carol Jones MD,136,Too best,2,1627941496
288,Anna Schultz,106,Cold various,1,1615127995
266,Joe Mora,118,College a,2,1625927819
16,Robert Dunn,237,Room situation,5,1623444495
199,Kelly Zimmerman,309,Require world late,3,1631871284
282,David Campbell,456,Occur,5,1631753653
86,Joseph Burton,388,Argue during,2,1624156208
250,Brenda Collins,475,Interest main,4,1621584547
270,Brenda Gray,100,Least outside five mother,5,1611756093
117,Christopher Simmons,261,Generation difficult support before,4,1638888275
7,Jessica Williams,481,Whom quite involve,2,1633741977
137,Cory Mcbride,305,Own weight direction,3,1611591543
176,Kathy Cantrell,354,Lot modern,4,1630677849
215,Jamie Holland,286,Growth than,2,1631731063
82,Brianna Hall,328,Part,4,1609531464
223,Andrea Graham,103,Always represent forward,5,1639008324
103,Christopher Santiago,63,Matter speak price political,2,1617226192
273,Jennifer Atkinson,175,Near heart room,5,1638217392
14,Jon Orr,282,Million Mr behind,1,1633009505
159,Laura Baker MD,441,Democrat stop mouth,2,1624348673
152,Brad Hubbard,293,Material,4,1634045748
108,Holly Ward,226,Civil place finish,1,1634002550
188,Amber Michael,7,Its my,5,1623452678
98,Christian Carr,127,Color section,5,1634482430
131,George Smith,424,Mind account low,4,1626845667
293,Nicole Burns MD,92,High same several,1,1636461004
171,Dana Howard,423,Strategy authority through,3,1638132115
183,Anita Johnson,190,My feeling,4,1630568413
39,Brenda Mccormick DDS,359,Question window,5,1630653341
15,Christine Perry,476,Good property,2,1625237578
4,Kyle Rios,462,Sing age,1,1613842270
210,Amanda Harrington,53,Agency happy pay,3,1619737593
161,Michael Fox,242,International not foreign,2,1621270210
16,Robert Dunn,486,Situation sell blood,1,1622180538
108,Holly Ward,132,Situation almost use,4,1617632193
227,Amy Day,490,To modern,4,1620834287
170,Joseph Gonzalez,466,Air while where,1,1626025986
34,James Davis,364,Reality plant,3,1632747703
251,Erik Jones,112,Once,1,1615875406
247,Brittney Hoffman,409,Us free body,2,1638216047
269,Christine Kline,7,Its my,2,1625833011
141,Sydney Thompson,230,Couple spend,4,1627428614
274,William Hartman,156,Peace certain,1,1614959471
96,Michael Cohen,197,Full push myself,4,1627635332
227,Amy Day,323,Feeling front,3,1615024609
39,Brenda Mccormick DDS,364,Reality plant,2,1624990432
29,Amber Thomas,223,Watch crime them,5,1632493365
245,Shannon Morrison,367,Situation model kind,5,1614470204
236,Justin Michael,490,To modern,1,1631475052
185,Emily Baker,250,Few their,1,1622547983
272,Todd Conley,404,Agent address,5,1628294372
236,Justin Michael,83,He fill but state,1,1628993218
239,Justin Stephens,240,Institution hundred old,2,1609907450
266,Joe Mora,380,Size purpose,3,1613594414
65,Kristin Harding,395,Station mother,3,1629633071
177,Kevin Martinez,360,Second program,4,1624939128
3,Sarah Adams,323,Feeling front,2,1623682034
142,Brandon Taylor,471,Personal suddenly,1,1609517375
158,Mr. Justin Ramos,263,Program hope,1,1639901233
146,Christopher Evans,407,Have almost,4,1624077268
293,Nicole Burns MD,189,Avoid myself,4,1613010472
153,Sean Alvarez MD,455,Travel method,1,1618275271
193,Ms. Jennifer Jones DVM,366,Drive debate,1,1618827122
73,Karen Arnold,290,Left remember,2,1619995317
140,Michael Thomas,362,Market left give,4,1631535108
187,David Lee,403,Myself describe guy financial,2,1626802320
293,Nicole Burns MD,58,Forward husband model,1,1637176676
61,Benjamin Smith,9,Cause during,5,1625630797
198,Lindsey Wu,304,Report area bed,5,1623537382
295,Cynthia Butler,115,Position well defense,1,1618032936
11,Renee Hall,210,Field small,4,1622526811
62,Amy Stuart,41,Us nature city,5,1637029854
226,Kelly Montgomery,304,Report area bed,4,1618057936
153,Sean Alvarez MD,173,Create especially include,5,1623679138
199,Kelly Zimmerman,234,Participant imagine final,4,1631633173
52,Chelsey Parker,281,Market response,5,1633410284
260,Jared Flores,372,Certain economy factor,4,1635431599
59,Michael Mata,78,Difference yet,2,1620938292
72,Sarah Olson,108,Indeed task,4,1621101916
148,Micheal Gomez,281,Market response,2,1612274185
63,David English,403,Myself describe guy financial,2,1632674961
243,Jack Rodriguez,39,Maybe kind certain,1,1636130018
107,Tracy Riddle,119,Site media operation,2,1625671915
226,Kelly Montgomery,335,Bill team about join,3,1616840655
218,Rachel Michael DDS,336,Kid fire,2,1626278129
241,Rhonda Harrell,27,Talk accept within,4,1638251824
259,Dawn Walter,104,Address south town information,2,1612154950
262,Scott Henson,74,Lose none,4,1624927901
5,Wendy Mack,191,Much certainly bed forget,4,1639134738
261,Albert Lopez,324,Even young increase from,3,1633195574
54,Michelle Green,499,Air event,2,1634563515
47,Carol Jones MD,147,Strong employee thousand,2,1637440726
215,Jamie Holland,255,Safe spring,5,1638376903
177,Kevin Martinez,284,Western wait,5,1622718672
9,Daniel Johnson,213,Appear spring address,1,1615888916
99,Brittany Johnson,123,Film those feeling,4,1610896153
20,Emily Casey,495,Near suffer loss,3,1616015608
241,Rhonda Harrell,206,Walk form magazine election,5,1630706715
61,Benjamin Smith,417,Change technology bed,2,1626710522
178,Charles Smith,240,Institution hundred old,1,1613522342
62,Amy Stuart,394,Draw another Mr,3,1612800928
145,Charlotte Gordon,339,Mean before response,2,1626759463
216,Christopher Lewis,286,Growth than,2,1632936146
3,Sarah Adams,22,Yet to low,4,1618386716
160,Jose Hamilton,259,Can fly,4,1639789587
227,Amy Day,357,Population before next west,5,1639406611
269,Christine Kline,105,Military stand,5,1615192062
120,Stephanie Gutierrez,466,Air while where,2,1637283145
89,Katelyn Conrad,459,Figure civil environmental,2,1637573117
68,Luke Clark,432,Door anything appear office,5,1635101579
98,Christian Carr,258,Recognize,5,1622109815
267,Bradley Bowman,204,About ever consumer,2,1620668000
105,Brandon Cunningham,310,Mouth,3,1636658807
123,Cynthia Howell,262,Look sometimes central,2,1611271192
29,Amber Thomas,107,Recent among pick laugh,3,1630735000
137,Cory Mcbride,251,Hour such name,3,1610730228
195,Eric Guzman,424,Mind account low,2,1614167299
226,Kelly Montgomery,492,Computer within,1,1623970819
170,Joseph Gonzalez,221,Instead way,5,1633927048
9,Daniel Johnson,379,Next speech,4,1626319502
40,Shawn Estrada,222,Relate service,2,1634268151
25,Donald Stark,258,Recognize,3,1617178905
261,Albert Lopez,201,Family campaign hour,2,1639099726
226,Kelly Montgomery,367,Situation model kind,5,1615868230
124,Lisa Scott,258,Recognize,3,1631069855
38,Omar Ford,349,Man leg industry,4,1632633419
251,Erik Jones,225,Little husband,4,1615155298
176,Kathy Cantrell,202,Stock understand,4,1611510963
90,Jeffrey Parker,226,Civil place finish,1,1637259390
37,Jennifer Dudley,236,Eat may usually,3,1629839624
176,Kathy Cantrell,183,Seem area,3,1618356045
284,Crystal Jackson,200,Say and let,1,1639330828
81,Gary Contreras,357,Population before next west,3,1625539511
114,Kyle Gonzalez,246,Like realize popular,1,1639188859
40,Shawn Estrada,444,Nation road it,2,1631769003
224,Connie Sullivan,353,Wonder scientist statement,5,1616698848
115,Rebecca Smith,111,Reach generation body,4,1631442783
186,Kevin Soto,6,Such authority,1,1631644498
56,Laura Sanders,236,Eat may usually,1,1612343709
40,Shawn Estrada,127,Color section,1,1635662735
40,Shawn Estrada,104,Address south town information,2,1622617995
237,Wyatt Case,237,Room situation,1,1635803849
289,Cory Contreras,403,Myself describe guy financial,5,1633068481
262,Scott Henson,480,Prove although audience,5,1626116113
216,Christopher Lewis,155,During lose image write,4,1610675596
147,Jacob Miller,257,Also yard,2,1631757591
168,Kevin Weeks,235,Direction phone eye,5,1614778213
92,Jonathan Gonzales,500,Economy agent,3,1626270603
59,Michael Mata,289,Total company water,3,1628377403
59,Michael Mata,40,Issue month whom rise,3,1638032955
169,Christina Wallace,288,Rich however company,1,1627779036
269,Christine Kline,197,Full push myself,1,1627501781
45,Brittany Moses,273,Watch vote,3,1637797987
181,Angela Myers,382,Trouble source,4,1620563456
170,Joseph Gonzalez,264,Accept,4,1617914922
191,Stephanie Harrison,57,Leave statement,1,1623791414
155,Joshua Snyder,298,Natural effect citizen effort,3,1628987047
188,Amber Michael,98,Long various indicate,4,1634475711
7,Jessica Williams,137,Bring money grow,1,1627669025
133,Ruth Ross,376,Red four significant,3,1621774881
235,Victoria Romero,87,Send design,2,1640473775
45,Brittany Moses,419,Protect,3,1635705760
249,Michaela Anderson,242,International not foreign,3,1637607619
31,Mr. Jesse Stevens,199,Question season information,5,1626195429
23,Joshua Mccoy,463,True American course,5,1615493789
160,Jose Hamilton,437,Floor,2,1627155700
158,Mr. Justin Ramos,310,Mouth,2,1638734835
39,Brenda Mccormick DDS,84,Natural opportunity,3,1632382829
82,Brianna Hall,242,International not foreign,4,1632246105
258,Michael Hansen,281,Market response,2,1630229326
206,Yvonne Diaz MD,323,Feeling front,3,1617380422
77,Sharon Nicholson,252,Some site these leg,1,1631690566
12,Jack Flores,190,My feeling,5,1614294641
295,Cynthia Butler,439,Speak few report,4,1624236316
224,Connie Sullivan,430,Time scientist,3,1633180054
13,Jason Herrera,152,Surface reflect,1,1615913889
46,Steven Craig,482,Practice truth seat the,5,1611994067
155,Joshua Snyder,302,Visit note here,1,1614340750
113,Diamond White,278,Far here free,3,1626638432
233,Emily Dunn,139,Conference discuss why,2,1640965940
17,Randy Gonzalez,176,Of need,5,1633968016
223,Andrea Graham,8,Development away,1,1628404543
188,Amber Michael,295,Place cell a,2,1624078035
163,Thomas Odonnell,235,Direction phone eye,4,1616670524
74,Anna Perkins,163,Get dream,3,1615242936
233,Emily Dunn,49,Stage,3,1631648460
224,Connie Sullivan,302,Visit note here,5,1617787755
60,Spencer Huffman,38,Enjoy,1,1627871959
222,Catherine Hernandez,136,Too best,4,1622107893
37,Jennifer Dudley,310,Mouth,5,1613924078
278,Ashley Hansen,421,Number after stop,5,1635091959
196,Michelle Taylor,219,Example security,1,1639382308
242,Robert Doyle,348,Relate woman performance,4,1623120774
219,Michael Thornton,296,Fish we,1,1626023943
192,Brandi Sanchez,34,Order line,3,1639048662
17,Randy Gonzalez,352,Spring walk,2,1625332813
12,Jack Flores,79,Such no,3,1616016707
193,Ms. Jennifer Jones DVM,236,Eat may usually,3,1609688852
22,Christopher Johnson,383,So various,5,1621022140
120,Stephanie Gutierrez,273,Watch vote,3,1635711469
210,Amanda Harrington,161,Collection,4,1612226249
270,Brenda Gray,175,Near heart room,3,1630050005
192,Brandi Sanchez,366,Drive debate,4,1620723805
175,Ryan Schneider,308,Positive help base,1,1620588509
285,Tara Hall,374,Provide control economic,5,1622418895
204,Krista Gregory,464,Other,4,1628183114
164,Kara Ramirez,221,Instead way,3,1618277845
251,Erik Jones,9,Cause during,5,1625931932
227,Amy Day,289,Total company water,5,1620332696
7,Jessica Williams,444,Nation road it,4,1621261753
29,Amber Thomas,113,Truth everybody,4,1637754509
33,Robert Bender,477,Option,2,1623282765
134,Jeffrey Jones,205,Top idea,2,1617268545
79,Karen Delgado,405,Attention plant yeah,5,1629662389
58,Jacqueline Aguilar,186,Road inside,2,1615206348
26,Holly Hoffman,341,Local letter especially,3,1624563906
226,Kelly Montgomery,197,Full push myself,1,1635244189
285,Tara Hall,266,Five first group hear,5,1636991633
4,Kyle Rios,262,Look sometimes central,1,1632424803
99,Brittany Johnson,248,School,2,1622101780
39,Brenda Mccormick DDS,115,Position well defense,4,1609813300
271,Cynthia Hall,121,Mention student,5,1628972943
285,Tara Hall,141,Right traditional,2,1622423707
157,Adam Arnold,65,Party have adult,3,1638387715
75,Richard Walker,276,Heart seat fear,5,1613745138
288,Anna Schultz,313,Assume tonight,5,1625099062
130,Crystal Arroyo,239,Drug end image,4,1634245390
175,Ryan Schneider,302,Visit note here,5,1638928447
84,Aaron Adams,392,To red staff choose,4,1640537024
22,Christopher Johnson,10,Day light call best,2,1632861807
27,Mary Ford,457,Need often,3,1615046382
195,Eric Guzman,369,Memory past,3,1635578511
236,Justin Michael,233,Hard Democrat fish,5,1629815669
92,Jonathan Gonzales,195,Mouth its,5,1613683219
21,Ariel Ellis,395,Station mother,2,1635578943
84,Aaron Adams,12,Writer role then,4,1630649120
262,Scott Henson,394,Draw another Mr,3,1619397712
147,Jacob Miller,409,Us free body,4,1625538244
257,Jason Hill,177,Detail including south,2,1625108349
58,Jacqueline Aguilar,177,Detail including south,3,1626895428
15,Christine Perry,217,Particular next,3,1638583481
162,Robert Mcpherson,11,Open who between,1,1629611174
163,Thomas Odonnell,446,Film success right,2,1625595084
281,Daniel Evans,118,College a,2,1628478443
280,Erin Lane,164,Indicate factor,1,1613921955
12,Jack Flores,39,Maybe kind certain,4,1640292445
274,William Hartman,53,Agency happy pay,1,1616071416
271,Cynthia Hall,218,According stop collection,2,1627214403
208,Nicholas Nelson,206,Walk form magazine election,4,1620894038
27,Mary Ford,487,Black purpose remember,3,1616394772
72,Sarah Olson,312,Safe city,1,1628025150
60,Spencer Huffman,360,Second program,4,1609919487
145,Charlotte Gordon,385,As give middle,4,1632673876
93,Katie Carter,56,Look low,4,1631888261
8,Hannah Hendrix,118,College a,1,1629653015
79,Karen Delgado,388,Argue during,3,1628520046
27,Mary Ford,253,Its young,4,1636215220
174,Emily Day DDS,286,Growth than,1,1638970725
50,Patricia Campbell,268,Middle turn,2,1638435325
199,Kelly Zimmerman,291,Sit serve majority,1,1618362315
181,Angela Myers,333,Total check,1,1633428045
24,Shannon Guerrero,180,Middle believe speech,1,1623223163
46,Steven Craig,415,Type world,4,1631798411
15,Christine Perry,358,Avoid product,1,1622815671
153,Sean Alvarez MD,235,Direction phone eye,2,1624125815
222,Catherine Hernandez,343,Key road green,4,1620392206
206,Yvonne Diaz MD,196,Hour party,2,1615299410
273,Jennifer Atkinson,308,Positive help base,5,1618991579
236,Justin Michael,80,Sister down civil,1,1634239399
228,Madeline Durham,135,Brother,4,1618237096
9,Daniel Johnson,22,Yet to low,4,1618647236
166,Gregory Lin,477,Option,1,1620965828
214,Evan Ramos,331,If radio range,3,1618686725
117,Christopher Simmons,440,Report consider,3,1617895638
72,Sarah Olson,225,Little husband,2,1623125058
64,Cheryl Roberts,58,Forward husband model,1,1627080420
205,Nicole Kerr,93,Source campaign prove,1,1631246250
209,Hector Morris,192,Side future nor,5,1637439097
72,Sarah Olson,103,Always represent forward,3,1614966420
277,Peter Miller,396,Perform,3,1611174227
274,William Hartman,7,Its my,1,1633248486
95,Chase Morton,128,Its,2,1612916334
166,Gregory Lin,55,Out outside move,1,1633559696
32,Nicole Fischer,231,Again sport,2,1632520924
11,Renee Hall,362,Market left give,3,1619557767
217,Barbara Mckenzie,62,Which suffer,5,1637791295
289,Cory Contreras,240,Institution hundred old,4,1621446781
102,Steven Lawson,90,Week task,3,1623577817
267,Bradley Bowman,232,In population,2,1630270747
214,Evan Ramos,457,Need often,1,1627196257
179,Jerry Wells,233,Hard Democrat fish,3,1631650777
88,Christopher Wright,354,Lot modern,5,1633122700
41,Carrie Tucker,493,Pm director PM,2,1610648811
76,Susan Cannon,333,Total check,1,1618516964
46,Steven Craig,439,Speak few report,4,1616315916
160,Jose Hamilton,375,Husband picture,2,1609531813
80,Alice Jones,292,System understand,1,1631050392
86,Joseph Burton,345,Nice garden,4,1638373102
92,Jonathan Gonzales,152,Surface reflect,1,1627550397
148,Micheal Gomez,428,Paper adult well determine,4,1614981270
161,Michael Fox,145,About production,4,1618647637
202,Sonya Nguyen,130,Myself which indicate,4,1610961428
242,Robert Doyle,141,Right traditional,1,1618725045
2,Rebecca Casey,415,Type world,4,1635644222
225,Cameron Perez,93,Source campaign prove,2,1622330013
289,Cory Contreras,114,Discuss right ready,5,1639854538
233,Emily Dunn,284,Western wait,5,1639489987
77,Sharon Nicholson,444,Nation road it,4,1622297568
116,Samantha Liu,411,Visit pull then inside,5,1634233710
154,Brett Park,143,Seat huge,5,1635395400
103,Christopher Santiago,223,Watch crime them,4,1627851679
194,Linda Lowery,232,In population,4,1624711882
166,Gregory Lin,463,True American course,2,1624054500
90,Jeffrey Parker,33,Movie thing,3,1634352791
174,Emily Day DDS,276,Heart seat fear,1,1625322758
122,Leah Larson,170,But perform body,4,1634244167
143,Ashley Marsh DDS,140,You forget,4,1623271136
106,Joshua Soto,357,Population before next west,5,1632071640
123,Cynthia Howell,201,Family campaign hour,2,1616840064
9,Daniel Johnson,23,Technology win,5,1615901826
262,Scott Henson,456,Occur,4,1617440615
73,Karen Arnold,224,Season hour low,4,1618477083
223,Andrea Graham,368,Turn wear,5,1622747434
41,Carrie Tucker,270,Window whether,4,1621344352
204,Krista Gregory,347,Research seek,3,1610281517
264,Daniel Green,153,Visit beat,1,1611577509
178,Charles Smith,333,Total check,1,1630872308
84,Aaron Adams,85,Walk,1,1619964634
111,Samuel Nunez,109,Usually meeting each bed,3,1624695909
251,Erik Jones,31,South activity bring coach,4,1634899746
7,Jessica Williams,229,Material add,5,1632394185
84,Aaron Adams,240,Institution hundred old,2,1628204747
208,Nicholas Nelson,378,American practice,4,1623521333
22,Christopher Johnson,363,Stock per forget service,3,1634586593
3,Sarah Adams,310,Mouth,3,1614093591
127,William Shaw,389,Professor level place,1,1631959038
297,Andrew Myers,141,Right traditional,4,1622966037
188,Amber Michael,156,Peace certain,1,1629041132
14,Jon Orr,299,Deep,2,1620887055
12,Jack Flores,345,Nice garden,1,1610175500
87,Elizabeth Moore,371,Participant call final,2,1638256483
12,Jack Flores,99,Certainly special relationship,3,1631696739
25,Donald Stark,47,Those actually property,1,1627912509
243,Jack Rodriguez,487,Black purpose remember,1,1634768298
122,Leah Larson,327,Audience single,5,1612050518
147,Jacob Miller,422,Exactly dog marriage,3,1611942477
55,James Scott,480,Prove although audience,5,1609978271
238,Amanda Bradley,67,Figure born treatment,2,1609681474
173,Michele Simmons,62,Which suffer,2,1637921114
221,Jean Braun,109,Usually meeting each bed,3,1621929170
119,Michael Perez,167,Finish finish,2,1639642837
183,Anita Johnson,37,Doctor day too,3,1626492088
288,Anna Schultz,119,Site media operation,2,1630021568
300,Kimberly Lynch,498,List or admit,4,1609609668
82,Brianna Hall,86,Car despite,1,1626690480
211,Scott Welch PhD,382,Trouble source,4,1631169568
150,Denise Cook,392,To red staff choose,3,1620005490
37,Jennifer Dudley,465,Office likely purpose,3,1636316067
59,Michael Mata,52,Shake until,4,1609486322
131,George Smith,91,Section hair,1,1610137827
202,Sonya Nguyen,289,Total company water,1,1613242487
243,Jack Rodriguez,494,Occur almost us,5,1630944608
35,Mrs. Mary Rodriguez,337,Safe necessary standard,2,1625380890
93,Katie Carter,298,Natural effect citizen effort,5,1618510256
207,Richard Thomas,204,About ever consumer,1,1624760906
213,Randy Miller,368,Turn wear,4,1619286256
159,Laura Baker MD,238,Involve cut,2,1632016406
24,Shannon Guerrero,382,Trouble source,4,1637759136
293,Nicole Burns MD,155,During lose image write,5,1613310504
4,Kyle Rios,240,Institution hundred old,3,1620899053
220,Laura Williams,136,Too best,4,1638491374
20,Emily Casey,407,Have almost,5,1625638967
152,Brad Hubbard,362,Market left give,5,1626368924
50,Patricia Campbell,381,Out outside PM,5,1616205726
177,Kevin Martinez,369,Memory past,3,1633507264
96,Michael Cohen,64,Wife difference hot,3,1621366881
105,Brandon Cunningham,123,Film those feeling,3,1618197969
250,Brenda Collins,254,Page,2,1636031749
117,Christopher Simmons,477,Option,3,1626320819
228,Madeline Durham,114,Discuss right ready,3,1636041767
66,Edgar Rowe,20,Set within beyond,3,1615935680
262,Scott Henson,16,Bank win sort,4,1640939246
295,Cynthia Butler,145,About production,3,1634327081
243,Jack Rodriguez,208,Research school sometimes,2,1635039453
186,Kevin Soto,19,Particular plan,5,1631835331
246,Emily Hensley,376,Red four significant,4,1622890783
125,Anthony Williams,392,To red staff choose,1,1629535753
268,Kylie Tyler,166,Yeah inside year,3,1639215338
131,George Smith,38,Enjoy,5,1619348804
237,Wyatt Case,181,Bad all space,5,1630147336
18,Ryan Barton,349,Man leg industry,4,1618953148
40,Shawn Estrada,105,Military stand,1,1633083018
21,Ariel Ellis,100,Least outside five mother,2,1618939234
225,Cameron Perez,90,Week task,5,1614584026
282,David Campbell,415,Type world,5,1630033603
8,Hannah Hendrix,300,Blood skill name,5,1623435849
100,Miranda Watson,444,Nation road it,5,1630773984
240,Manuel Carter,332,Left good,4,1620741242
87,Elizabeth Moore,401,Manager senior factor,1,1629080165
298,Jessica Williams,79,Such no,5,1614022407
14,Jon Orr,73,Car sometimes,2,1609961904
2,Rebecca Casey,423,Strategy authority through,2,1622743447
293,Nicole Burns MD,426,Include here,3,1612801510
41,Carrie Tucker,176,Of need,5,1616602784
111,Samuel Nunez,396,Perform,5,1621674728
14,Jon Orr,96,Lot professor establish,5,1612832746
231,Janice Bell,345,Nice garden,5,1628945682
84,Aaron Adams,103,Always represent forward,5,1624103169
130,Crystal Arroyo,402,Point book specific set,2,1633732406
231,Janice Bell,463,True American course,1,1629086858
145,Charlotte Gordon,224,Season hour low,1,1635288802
28,Mark Mcdonald,6,Such authority,3,1619543824
66,Edgar Rowe,122,Administration food check,2,1614184873
163,Thomas Odonnell,236,Eat may usually,5,1614018364
229,Olivia Whitney,427,Usually speech enter,1,1614318978
261,Albert Lopez,116,Window suddenly,4,1635398229
164,Kara Ramirez,163,Get dream,4,1617080098
287,Sarah Erickson,226,Civil place finish,4,1628683220
10,Michael Nelson,230,Couple spend,5,1624006872
195,Eric Guzman,182,Enter main cover,5,1620991334
118,John Johnston,249,Class young success,3,1609858304
270,Brenda Gray,318,Answer language,3,1636660358
80,Alice Jones,453,Cut four,3,1624630163
93,Katie Carter,210,Field small,4,1610890154
266,Joe Mora,144,Evidence energy,5,1624379254
257,Jason Hill,392,To red staff choose,4,1612426629
133,Ruth Ross,345,Nice garden,3,1622951990
276,Claudia Wells,96,Lot professor establish,5,1632153955
264,Daniel Green,382,Trouble source,2,1619869938
171,Dana Howard,346,Society former sense,1,1611663099
1,Robert Humphrey,244,Within history,1,1634647060
64,Cheryl Roberts,86,Car despite,3,1632784178
284,Crystal Jackson,415,Type world,4,1612109986
121,Alyssa Patel,491,Reduce place thousand,2,1622417763
107,Tracy Riddle,394,Draw another Mr,5,1611550471
175,Ryan Schneider,184,Challenge second,4,1616651761
204,Krista Gregory,121,Mention student,3,1611845187
165,Patrick Brown,332,Left good,4,1640497770
120,Stephanie Gutierrez,92,High same several,3,1634608015
44,Marie Garcia,70,Recognize occur name fly,1,1638050882
156,Mrs. Ann Luna,404,Agent address,1,1636356806
207,Richard Thomas,133,Also mind,4,1617838783
108,Holly Ward,279,South degree,2,1619732481
251,Erik Jones,137,Bring money grow,5,1613242624
130,Crystal Arroyo,314,Civil boy cell,3,1631127481
293,Nicole Burns MD,187,Project ahead,5,1614775808
20,Emily Casey,221,Instead way,1,1612054373
282,David Campbell,464,Other,2,1623087730
285,Tara Hall,438,Rule rest Democrat,2,1627859334
1,Robert Humphrey,46,Take rate,5,1635843159
119,Michael Perez,278,Far here free,1,1618250436
35,Mrs. Mary Rodriguez,192,Side future nor,5,1632519636
198,Lindsey Wu,8,Development away,4,1633133659
245,Shannon Morrison,379,Next speech,2,1636380433
59,Michael Mata,276,Heart seat fear,2,1631316311
161,Michael Fox,179,Beat military experience,4,1628400121
179,Jerry Wells,334,Rather two wife,1,1623620255
206,Yvonne Diaz MD,39,Maybe kind certain,2,1633521324
12,Jack Flores,293,Material,3,1611826208
276,Claudia Wells,178,During learn threat,3,1611834313
181,Angela Myers,162,As everybody,1,1622751304
242,Robert Doyle,331,If radio range,4,1609814960
216,Christopher Lewis,374,Provide control economic,5,1634550176
251,Erik Jones,104,Address south town information,1,1611978694
299,April Stevens,161,Collection,5,1624090307
126,Joshua Williams,287,Simply,1,1622647067
217,Barbara Mckenzie,123,Film those feeling,3,1638463574
285,Tara Hall,54,Place population order,4,1639533364
185,Emily Baker,428,Paper adult well determine,3,1631132895
39,Brenda Mccormick DDS,34,Order line,4,1620703275
223,Andrea Graham,242,International not foreign,5,1629077839
184,Tanya Harris,455,Travel method,1,1618483126
178,Charles Smith,378,American practice,2,1635266697
294,Hannah Daniels,113,Truth everybody,2,1630459750
151,Justin Hernandez,318,Answer language,4,1627329059
126,Joshua Williams,23,Technology win,4,1612065313
234,Diane Powell,46,Take rate,3,1637644887
8,Hannah Hendrix,312,Safe city,2,1622904977
129,Heather Griffin,135,Brother,3,1637535247
264,Daniel Green,118,College a,5,1630826728
157,Adam Arnold,473,Cover party,2,1619421092
5,Wendy Mack,189,Avoid myself,5,1609947176
86,Joseph Burton,131,Pull certain professional,1,1634644222
175,Ryan Schneider,422,Exactly dog marriage,3,1617752344
290,Sonia Ward,212,Officer when represent,4,1614355069
193,Ms. Jennifer Jones DVM,418,Market together kitchen,2,1610590727
119,Michael Perez,113,Truth everybody,3,1613366231
218,Rachel Michael DDS,44,Approach career,4,1632283603
114,Kyle Gonzalez,128,Its,1,1617918319
145,Charlotte Gordon,364,Reality plant,2,1634192733
26,Holly Hoffman,158,Southern door,5,1621277011
136,Jennifer Simon,273,Watch vote,1,1611835389
232,Benjamin Pruitt,315,Unit resource,4,1636918161
76,Susan Cannon,394,Draw another Mr,2,1609477443
289,Cory Contreras,355,Yard impact information,2,1621533359
1,Robert Humphrey,340,Imagine mouth,1,1613061347
147,Jacob Miller,402,Point book specific set,2,1619884485
287,Sarah Erickson,45,Capital prove,4,1617653058
142,Brandon Taylor,108,Indeed task,1,1616431505
53,Brittney Small PhD,219,Example security,5,1638677479
69,Dawn Tyler,443,Explain nature future,1,1627123217
90,Jeffrey Parker,318,Answer language,1,1640504887
220,Laura Williams,315,Unit resource,5,1635889558
192,Brandi Sanchez,177,Detail including south,4,1638046242
63,David English,228,Discuss manage house,3,1635328389
73,Karen Arnold,191,Much certainly bed forget,3,1626112117
161,Michael Fox,471,Personal suddenly,5,1639045401
169,Christina Wallace,160,Parent draw major,4,1616794877
89,Katelyn Conrad,394,Draw another Mr,2,1626883284
176,Kathy Cantrell,267,Argue onto,5,1639156796
269,Christine Kline,358,Avoid product,3,1626924119
73,Karen Arnold,326,Over true star,4,1639062798
245,Shannon Morrison,379,Next speech,1,1636038490
77,Sharon Nicholson,489,Amount anything tree,4,1637845535
159,Laura Baker MD,190,My feeling,4,1620384139
98,Christian Carr,175,Near heart room,3,1628244479
102,Steven Lawson,290,Left remember,3,1631122052
132,Raven Williams,484,Particularly sense collection protect,2,1632806975
102,Steven Lawson,357,Population before next west,2,1609967302
19,Tyler Franco,145,About production,5,1623442175
82,Brianna Hall,232,In population,1,1630595925
279,Cristina Gonzalez,360,Second program,2,1630651546
129,Heather Griffin,438,Rule rest Democrat,3,1614753230
89,Katelyn Conrad,204,About ever consumer,4,1622325990
213,Randy Miller,213,Appear spring address,5,1617805100
143,Ashley Marsh DDS,40,Issue month whom rise,2,1638312440
65,Kristin Harding,275,Receive scene leader,4,1638970402
76,Susan Cannon,323,Feeling front,4,1634461209
199,Kelly Zimmerman,82,Director work,2,1638724748
143,Ashley Marsh DDS,181,Bad all space,1,1639441369
93,Katie Carter,499,Air event,1,1621218076
224,Connie Sullivan,320,Parent fact,5,1622413119
291,Tina Edwards,83,He fill but state,1,1631116955
102,Steven Lawson,303,Believe serve important,5,1634781142
267,Bradley Bowman,262,Look sometimes central,3,1630424995
110,David Torres,272,Not,2,1624294000
265,Laura King,200,Say and let,4,1637139845
3,Sarah Adams,240,Institution hundred old,5,1612085386
85,Eric Jones,402,Point book specific set,1,1639467381
282,David Campbell,180,Middle believe speech,5,1618254241
117,Christopher Simmons,432,Door anything appear office,5,1611881680
221,Jean Braun,171,Loss,1,1630519618
154,Brett Park,295,Place cell a,1,1610287467
153,Sean Alvarez MD,177,Detail including south,2,1612351917
12,Jack Flores,369,Memory past,4,1625813473
133,Ruth Ross,396,Perform,2,1634141269
293,Nicole Burns MD,237,Room situation,2,1638983739
300,Kimberly Lynch,138,Reduce new performance,1,1625478709
228,Madeline Durham,327,Audience single,1,1637451868
271,Cynthia Hall,366,Drive debate,4,1629820740
43,Angela Thornton,311,Military control fly state,5,1625629129
21,Ariel Ellis,129,Center practice involve,2,1610699721
107,Tracy Riddle,49,Stage,4,1620162932
117,Christopher Simmons,164,Indicate factor,2,1636849416
124,Lisa Scott,277,Bad dog image,5,1623263101
281,Daniel Evans,293,Material,2,1628596948
292,Yvette Rice,116,Window suddenly,3,1637576524
203,Craig King,24,Possible during,4,1618739721
51,Jason Martinez,311,Military control fly state,1,1628461925
271,Cynthia Hall,25,Happy hear,2,1619173066
277,Peter Miller,391,Maybe,4,1633981635
141,Sydney Thompson,127,Color section,4,1624641081
275,Wendy Fox,234,Participant imagine final,2,1610083309
290,Sonia Ward,209,Institution bar,1,1619373053
52,Chelsey Parker,93,Source campaign prove,1,1625750783
27,Mary Ford,94,Between attention others,2,1629065950
157,Adam Arnold,327,Audience single,4,1616135347
239,Justin Stephens,225,Little husband,1,1633506665
156,Mrs. Ann Luna,455,Travel method,2,1626589542
291,Tina Edwards,378,American practice,2,1637166694
136,Jennifer Simon,280,Method station,2,1613124256
144,Tonya Lozano,11,Open who between,4,1637137095
106,Joshua Soto,329,Become career both program,1,1610289823
158,Mr. Justin Ramos,12,Writer role then,4,1613903030
146,Christopher Evans,35,Perform company,3,1634941280
2,Rebecca Casey,447,Together,1,1611567751
77,Sharon Nicholson,452,Out own wonder,4,1639710125
132,Raven Williams,228,Discuss manage house,1,1630443405
90,Jeffrey Parker,220,Rise dream fire,3,1632877793
263,Joel Murray,441,Democrat stop mouth,5,1633318791
108,Holly Ward,141,Right traditional,2,1621791986
74,Anna Perkins,23,Technology win,4,1631379049
39,Brenda Mccormick DDS,83,He fill but state,3,1620608070
159,Laura Baker MD,490,To modern,3,1613581388
71,Emily Long,229,Material add,1,1635068469
241,Rhonda Harrell,423,Strategy authority through,1,1626843924
298,Jessica Williams,344,Measure also watch movie,2,1631784558
36,Michele Garcia,80,Sister down civil,1,1610567391
84,Aaron Adams,353,Wonder scientist statement,4,1627889226
263,Joel Murray,396,Perform,4,1625440249
172,Victoria Newton,290,Left remember,4,1626882573
173,Michele Simmons,455,Travel method,5,1638745546
47,Carol Jones MD,331,If radio range,4,1613406465
141,Sydney Thompson,159,Fine option,1,1631318716
118,John Johnston,477,Option,1,1631135595
277,Peter Miller,128,Its,4,1621040878
214,Evan Ramos,190,My feeling,3,1611930512
220,Laura Williams,397,Audience every,3,1612327245
26,Holly Hoffman,31,South activity bring coach,3,1627468248
9,Daniel Johnson,386,Resource about with,2,1623567151
271,Cynthia Hall,359,Question window,5,1624986202
10,Michael Nelson,15,Trouble ground,4,1613416327
121,Alyssa Patel,313,Assume tonight,2,1640690359
125,Anthony Williams,75,Agree history,3,1610299920
170,Joseph Gonzalez,34,Order line,4,1639596484
72,Sarah Olson,359,Question window,2,1626361355
152,Brad Hubbard,196,Hour party,1,1626075813
208,Nicholas Nelson,331,If radio range,3,1630719486
49,Crystal Gutierrez,29,Seek bill,2,1613174417
154,Brett Park,194,Especially,1,1636666137
293,Nicole Burns MD,16,Bank win sort,3,1627825630
68,Luke Clark,423,Strategy authority through,5,1640709156
50,Patricia Campbell,77,All consumer,3,1616585797
152,Brad Hubbard,293,Material,5,1621868200
19,Tyler Franco,81,Body size,5,1639764302
100,Miranda Watson,405,Attention plant yeah,5,1637932713
60,Spencer Huffman,428,Paper adult well determine,4,1614843376
167,Dr. Richard Mccormick DVM,124,Practice room,4,1636436220
202,Sonya Nguyen,19,Particular plan,5,1609595737
146,Christopher Evans,455,Travel method,1,1612425202
164,Kara Ramirez,102,Defense defense,5,1626334155
242,Robert Doyle,392,To red staff choose,2,1633801000
69,Dawn Tyler,77,All consumer,5,1613184430
175,Ryan Schneider,229,Material add,4,1611782797
49,Crystal Gutierrez,450,Over our stock catch,4,1632137600
108,Holly Ward,297,Religious look better interest,2,1612629264
226,Kelly Montgomery,203,Girl,2,1638333664
161,Michael Fox,472,Best nice off,3,1615553718
119,Michael Perez,454,Respond again education,1,1639309876
149,Tommy Stephens,61,Point treatment,1,1632360053
150,Denise Cook,26,Central goal story class,1,1616844652
293,Nicole Burns MD,71,Similar much investment,4,1626719390
143,Ashley Marsh DDS,103,Always represent forward,1,1621097917
160,Jose Hamilton,467,Agent this,3,1634166407
11,Renee Hall,326,Over true star,3,1640801181
138,Adam Carrillo,363,Stock per forget service,1,1626868300
78,Danielle Williamson,157,Guess yourself,2,1618660687
77,Sharon Nicholson,363,Stock per forget service,3,1613788609
254,Michael Johnson,359,Question window,2,1612529708
258,Michael Hansen,194,Especially,4,1616819729
291,Tina Edwards,275,Receive scene leader,3,1637850466
263,Joel Murray,324,Even young increase from,2,1621120428
85,Eric Jones,186,Road inside,1,1613856658
146,Christopher Evans,326,Over true star,4,1611499212
42,Keith Ross,113,Truth everybody,5,1620883442
125,Anthony Williams,313,Assume tonight,5,1612320579
167,Dr. Richard Mccormick DVM,165,Team Republican,1,1617991762
241,Rhonda Harrell,61,Point treatment,4,1625860145
280,Erin Lane,92,High same several,4,1627241240
188,Amber Michael,286,Growth than,4,1630356133
19,Tyler Franco,455,Travel method,4,1635611378
68,Luke Clark,457,Need often,5,1631729016
218,Rachel Michael DDS,153,Visit beat,2,1635471326
102,Steven Lawson,225,Little husband,4,1639493283
42,Keith Ross,127,Color section,2,1634840387
288,Anna Schultz,193,Seem time,4,1639965751
167,Dr. Richard Mccormick DVM,115,Position well defense,3,1611751462
109,Mary Young,262,Look sometimes central,3,1611481406
36,Michele Garcia,18,I process,3,1610750079
232,Benjamin Pruitt,10,Day light call best,4,1636031878
229,Olivia Whitney,92,High same several,2,1628762233
164,Kara Ramirez,139,Conference discuss why,5,1623978230
73,Karen Arnold,481,Whom quite involve,1,1638536377
136,Jennifer Simon,449,Material television,5,1637134031
70,Amanda Walton,333,Total check,4,1633490746
196,Michelle Taylor,357,Population before next west,3,1611521839
269,Christine Kline,340,Imagine mouth,3,1618577796
49,Crystal Gutierrez,449,Material television,2,1610579694
130,Crystal Arroyo,52,Shake until,4,1609895126
5,Wendy Mack,195,Mouth its,5,1613838627
27,Mary Ford,466,Air while where,4,1630622431
160,Jose Hamilton,489,Amount anything tree,4,1611559511
149,Tommy Stephens,206,Walk form magazine election,3,1618705432
264,Daniel Green,287,Simply,5,1626565548
230,John Miller,475,Interest main,1,1614982930
200,Christina Martinez,401,Manager senior factor,3,1633979526
50,Patricia Campbell,439,Speak few report,5,1635421675
67,Andre Santana,366,Drive debate,2,1625539001
300,Kimberly Lynch,93,Source campaign prove,3,1621290216
58,Jacqueline Aguilar,420,Subject red red,2,1640201680
259,Dawn Walter,485,Pm woman sure,3,1616509505
130,Crystal Arroyo,410,White door turn,4,1617269839
215,Jamie Holland,309,Require world late,5,1617255334
172,Victoria Newton,145,About production,2,1640763134
258,Michael Hansen,86,Car despite,3,1622515324
102,Steven Lawson,153,Visit beat,2,1623386769
209,Hector Morris,2,Pass simple southern,3,1623111782
291,Tina Edwards,342,Skill measure,3,1609584512
286,Richard Carroll,389,Professor level place,1,1630535614
116,Samantha Liu,260,Rich head,1,1638541186
264,Daniel Green,164,Indicate factor,1,1620586366
150,Denise Cook,6,Such authority,2,1610142484
300,Kimberly Lynch,500,Economy agent,4,1622911869
36,Michele Garcia,149,Us social,3,1634231931
287,Sarah Erickson,205,Top idea,5,1620915613
208,Nicholas Nelson,118,College a,1,1619403530
106,Joshua Soto,485,Pm woman sure,2,1612938517
158,Mr. Justin Ramos,89,Benefit best,2,1622073966
121,Alyssa Patel,154,Write administration,2,1636782972
55,James Scott,439,Speak few report,5,1625519416
12,Jack Flores,167,Finish finish,5,1625377880
145,Charlotte Gordon,468,Too pull,1,1613563266
136,Jennifer Simon,161,Collection,5,1633553053
3,Sarah Adams,270,Window whether,1,1611311319
144,Tonya Lozano,56,Look low,5,1637843327
30,William Mathis,228,Discuss manage house,5,1611666732
237,Wyatt Case,337,Safe necessary standard,5,1639105571
279,Cristina Gonzalez,149,Us social,1,1628795990
115,Rebecca Smith,46,Take rate,3,1626155637
104,Zoe Scott,144,Evidence energy,1,1623199559
118,John Johnston,238,Involve cut,3,1627010495
5,Wendy Mack,272,Not,2,1617076405
248,Diana Wright,120,Task card,2,1636098627
121,Alyssa Patel,340,Imagine mouth,1,1615766449
286,Richard Carroll,413,Matter agreement,3,1628309350
149,Tommy Stephens,220,Rise dream fire,3,1615012330
84,Aaron Adams,8,Development away,3,1628681374
231,Janice Bell,344,Measure also watch movie,2,1615966492
288,Anna Schultz,387,Box respond dinner,1,1625970618
161,Michael Fox,473,Cover party,4,1614130851
272,Todd Conley,275,Receive scene leader,3,1621387724
38,Omar Ford,353,Wonder scientist statement,3,1635018600
226,Kelly Montgomery,66,Compare someone assume,4,1637380168
142,Brandon Taylor,79,Such no,1,1621946998
292,Yvette Rice,86,Car despite,3,1634335060
151,Justin Hernandez,124,Practice room,1,1634705906
114,Kyle Gonzalez,202,Stock understand,3,1614553794
237,Wyatt Case,466,Air while where,5,1620546904
66,Edgar Rowe,150,Campaign court,3,1620368459
258,Michael Hansen,46,Take rate,5,1617636572
249,Michaela Anderson,113,Truth everybody,1,1628996746
180,Kristen Fuentes,91,Section hair,3,1627748863
190,Amber Hunter,141,Right traditional,2,1621024115
154,Brett Park,289,Total company water,2,1636253066
196,Michelle Taylor,389,Professor level place,4,1623803632
262,Scott Henson,218,According stop collection,2,1624335356
143,Ashley Marsh DDS,77,All consumer,5,1617303705
101,Roger Collier,411,Visit pull then inside,2,1622679604
244,Alexandra Cooper,377,Subject however guess,2,1615321741
12,Jack Flores,384,Institution half small,2,1611022655
239,Justin Stephens,334,Rather two wife,3,1636329935
49,Crystal Gutierrez,152,Surface reflect,4,1615158775
42,Keith Ross,323,Feeling front,1,1625466249
166,Gregory Lin,239,Drug end image,4,1626037790
82,Brianna Hall,115,Position well defense,5,1630828254
291,Tina Edwards,319,Sense spend,3,1635532067
158,Mr. Justin Ramos,369,Memory past,3,1637150473
216,Christopher Lewis,94,Between attention others,2,1610697497
158,Mr. Justin Ramos,483,Available mouth structure,2,1638410515
134,Jeffrey Jones,48,Indicate industry contain,5,1637232508
67,Andre Santana,191,Much certainly bed forget,3,1636173867
7,Jessica Williams,462,Sing age,1,1615400509
14,Jon Orr,12,Writer role then,4,1611766094
73,Karen Arnold,156,Peace certain,3,1621360648
163,Thomas Odonnell,172,Recognize physical per hold,1,1635523142
66,Edgar Rowe,477,Option,1,1626312793
130,Crystal Arroyo,427,Usually speech enter,4,1634978839
206,Yvonne Diaz MD,401,Manager senior factor,1,1613797003
276,Claudia Wells,296,Fish we,5,1613038395
256,Andre Owen,177,Detail including south,1,1614932819
266,Joe Mora,341,Local letter especially,5,1639445879
25,Donald Stark,57,Leave statement,1,1636091981
281,Daniel Evans,343,Key road green,2,1631415509
253,Joshua Harper,340,Imagine mouth,1,1635270671
289,Cory Contreras,448,Certain light some,5,1617160220
164,Kara Ramirez,203,Girl,1,1636262815
95,Chase Morton,185,Born affect later,1,1618183122
270,Brenda Gray,121,Mention student,1,1614516086
110,David Torres,226,Civil place finish,5,1640154914
238,Amanda Bradley,202,Stock understand,1,1616547370
25,Donald Stark,330,Speak than,4,1620096351
141,Sydney Thompson,363,Stock per forget service,4,1637676406
117,Christopher Simmons,380,Size purpose,5,1623630388
25,Donald Stark,454,Respond again education,2,1636168979
79,Karen Delgado,356,Whether interview drug,4,1621460338
68,Luke Clark,216,Hit story,3,1635273447
173,Michele Simmons,460,Compare arrive member,4,1617967827
12,Jack Flores,43,Region few,3,1629596793
288,Anna Schultz,375,Husband picture,5,1612928994
128,Lisa Jones,23,Technology win,2,1612873257
96,Michael Cohen,155,During lose image write,3,1620293452
92,Jonathan Gonzales,186,Road inside,3,1626423877
141,Sydney Thompson,249,Class young success,4,1614435694
31,Mr. Jesse Stevens,237,Room situation,3,1627564559
20,Emily Casey,293,Material,5,1616850500
146,Christopher Evans,134,Young interest,5,1616911924
160,Jose Hamilton,321,Commercial stop hope,5,1617234092
43,Angela Thornton,390,Impact century,4,1617491378
254,Michael Johnson,434,Southern imagine,2,1628690913
130,Crystal Arroyo,22,Yet to low,4,1624608005
60,Spencer Huffman,361,Difference season lead cover,5,1630421882
151,Justin Hernandez,88,Huge fill eye,4,1634446624
287,Sarah Erickson,153,Visit beat,5,1615868878
5,Wendy Mack,125,Necessary,1,1616625678
266,Joe Mora,79,Such no,1,1613356198
130,Crystal Arroyo,346,Society former sense,3,1616922174
267,Bradley Bowman,456,Occur,2,1623590660
178,Charles Smith,51,Most and,1,1623749619
253,Joshua Harper,216,Hit story,5,1630974584
56,Laura Sanders,176,Of need,4,1622423897
83,Angela Bryant,358,Avoid product,4,1619561424
99,Brittany Johnson,253,Its young,3,1622723178
149,Tommy Stephens,454,Respond again education,4,1634835950
156,Mrs. Ann Luna,246,Like realize popular,1,1624356531
190,Amber Hunter,227,Analysis tree their,4,1617781263
263,Joel Murray,106,Cold various,1,1636050786
80,Alice Jones,193,Seem time,1,1615428005
252,Chase Conley,316,Line concern,2,1628775220
97,Douglas Trujillo,302,Visit note here,3,1615360214
260,Jared Flores,36,Expect occur color,5,1628481612
260,Jared Flores,442,Science bag another,1,1609604320
103,Christopher Santiago,204,About ever consumer,3,1614800988
40,Shawn Estrada,422,Exactly dog marriage,5,1611927220
273,Jennifer Atkinson,267,Argue onto,4,1634862765
101,Roger Collier,268,Middle turn,3,1616879457
221,Jean Braun,170,But perform body,3,1638115169
124,Lisa Scott,498,List or admit,3,1616925402
231,Janice Bell,39,Maybe kind certain,4,1623565454
178,Charles Smith,455,Travel method,4,1614134074
63,David English,139,Conference discuss why,3,1635510193
116,Samantha Liu,292,System understand,2,1623560584
191,Stephanie Harrison,52,Shake until,1,1622925081
62,Amy Stuart,287,Simply,4,1614235394
256,Andre Owen,289,Total company water,2,1623943523
7,Jessica Williams,141,Right traditional,4,1630457902
155,Joshua Snyder,146,Traditional sea central late,3,1638637060
92,Jonathan Gonzales,425,As piece at,2,1627231293
14,Jon Orr,314,Civil boy cell,5,1631788499
229,Olivia Whitney,184,Challenge second,1,1624541267
86,Joseph Burton,152,Surface reflect,1,1619410052
133,Ruth Ross,201,Family campaign hour,4,1631217545
183,Anita Johnson,128,Its,1,1638618959
62,Amy Stuart,287,Simply,5,1625902654
219,Michael Thornton,311,Military control fly state,2,1630573848
246,Emily Hensley,253,Its young,2,1614108203
230,John Miller,489,Amount anything tree,3,1639845528
79,Karen Delgado,266,Five first group hear,2,1621955997
149,Tommy Stephens,188,Everybody still,4,1624560909
138,Adam Carrillo,386,Resource about with,5,1640438101
65,Kristin Harding,230,Couple spend,3,1626551466
13,Jason Herrera,271,Coach cold,4,1640751771
213,Randy Miller,259,Can fly,4,1635640285
242,Robert Doyle,299,Deep,4,1617147666
213,Randy Miller,415,Type world,1,1622872933
181,Angela Myers,198,College camera fill,4,1611839401
173,Michele Simmons,323,Feeling front,1,1632224275
160,Jose Hamilton,56,Look low,2,1638479842
164,Kara Ramirez,319,Sense spend,1,1614235349
188,Amber Michael,203,Girl,4,1621372494
191,Stephanie Harrison,271,Coach cold,5,1620706954
256,Andre Owen,109,Usually meeting each bed,5,1619384757
183,Anita Johnson,116,Window suddenly,2,1638250081
117,Christopher Simmons,92,High same several,4,1610216824
282,David Campbell,138,Reduce new performance,1,1616453317
196,Michelle Taylor,422,Exactly dog marriage,5,1633136912
34,James Davis,303,Believe serve important,3,1613045403
52,Chelsey Parker,57,Leave statement,4,1634306609
112,Stephanie Nichols,50,Imagine raise before,4,1618638814
252,Chase Conley,498,List or admit,3,1631829731
82,Brianna Hall,71,Similar much investment,5,1629115830
232,Benjamin Pruitt,399,Word never,3,1633502152
227,Amy Day,402,Point book specific set,2,1621614601
233,Emily Dunn,82,Director work,1,1635630740
221,Jean Braun,372,Certain economy factor,1,1637202489
42,Keith Ross,105,Military stand,5,1634911905
21,Ariel Ellis,88,Huge fill eye,3,1627832670
42,Keith Ross,2,Pass simple southern,4,1610599388
113,Diamond White,360,Second program,4,1636250218
105,Brandon Cunningham,84,Natural opportunity,4,1624210346
192,Brandi Sanchez,482,Practice truth seat the,2,1625896842
17,Randy Gonzalez,43,Region few,2,1611970848
120,Stephanie Gutierrez,154,Write administration,4,1631708857
129,Heather Griffin,327,Audience single,5,1614985261
130,Crystal Arroyo,422,Exactly dog marriage,2,1628452797
60,Spencer Huffman,94,Between attention others,2,1613038720
48,Laura Knox,298,Natural effect citizen effort,1,1623512468
29,Amber Thomas,133,Also mind,1,1609689405
97,Douglas Trujillo,395,Station mother,5,1625928639
10,Michael Nelson,65,Party have adult,2,1632624214
242,Robert Doyle,290,Left remember,2,1633295096
232,Benjamin Pruitt,376,Red four significant,3,1633928520
277,Peter Miller,257,Also yard,5,1612108727
284,Crystal Jackson,467,Agent this,5,1629885184
203,Craig King,386,Resource about with,3,1630387477
247,Brittney Hoffman,213,Appear spring address,3,1617530805
290,Sonia Ward,148,Individual turn dog,1,1619433475
264,Daniel Green,61,Point treatment,5,1625168960
214,Evan Ramos,471,Personal suddenly,5,1626151346
200,Christina Martinez,149,Us social,3,1622371017
79,Karen Delgado,88,Huge fill eye,4,1633180734
173,Michele Simmons,324,Even young increase from,4,1640594574
69,Dawn Tyler,383,So various,1,1628150003
87,Elizabeth Moore,396,Perform,4,1627694371
101,Roger Collier,278,Far here free,4,1617785116
8,Hannah Hendrix,404,Agent address,4,1620935347
200,Christina Martinez,82,Director work,2,1619113796
87,Elizabeth Moore,129,Center practice involve,1,1611593116
43,Angela Thornton,286,Growth than,3,1631965294
109,Mary Young,382,Trouble source,4,1615943854
152,Brad Hubbard,353,Wonder scientist statement,2,1625426906
17,Randy Gonzalez,280,Method station,4,1631677592
133,Ruth Ross,270,Window whether,2,1634934223
148,Micheal Gomez,292,System understand,1,1619210127
277,Peter Miller,453,Cut four,4,1617008344
232,Benjamin Pruitt,203,Girl,2,1639645480
228,Madeline Durham,24,Possible during,5,1638912448
139,Sherry Kennedy,444,Nation road it,5,1616974788
211,Scott Welch PhD,351,Heavy shoulder,2,1632655848
28,Mark Mcdonald,311,Military control fly state,4,1627136915
51,Jason Martinez,461,Event strong summer,4,1634270660
261,Albert Lopez,208,Research school sometimes,1,1612093859
261,Albert Lopez,280,Method station,1,1618218460
8,Hannah Hendrix,205,Top idea,3,1629996783
138,Adam Carrillo,152,Surface reflect,1,1616061665
38,Omar Ford,438,Rule rest Democrat,4,1629436601
111,Samuel Nunez,26,Central goal story class,3,1637860911
220,Laura Williams,194,Especially,1,1639773649
223,Andrea Graham,336,Kid fire,2,1631679361
136,Jennifer Simon,422,Exactly dog marriage,5,1609552591
256,Andre Owen,238,Involve cut,1,1614623388
49,Crystal Gutierrez,321,Commercial stop hope,1,1624451808
292,Yvette Rice,497,Truth character,2,1624124047
78,Danielle Williamson,75,Agree history,4,1628631970
105,Brandon Cunningham,435,Lawyer use,2,1635361390
169,Christina Wallace,163,Get dream,1,1635853629
217,Barbara Mckenzie,299,Deep,4,1629231466
119,Michael Perez,29,Seek bill,3,1633201513
190,Amber Hunter,165,Team Republican,1,1640469456
255,Samantha Donaldson,337,Safe necessary standard,2,1619073136
266,Joe Mora,186,Road inside,3,1628241219
149,Tommy Stephens,54,Place population order,5,1635290546
164,Kara Ramirez,295,Place cell a,3,1635899480
140,Michael Thomas,42,Young somebody look improve,2,1637740704
258,Michael Hansen,412,Apply capital school,3,1634996045
269,Christine Kline,285,Term again pay quickly,2,1640836503
181,Angela Myers,427,Usually speech enter,1,1614975562
160,Jose Hamilton,387,Box respond dinner,4,1610202392
288,Anna Schultz,500,Economy agent,5,1612616603
288,Anna Schultz,138,Reduce new performance,4,1615840262
226,Kelly Montgomery,187,Project ahead,4,1630712944
11,Renee Hall,490,To modern,4,1626480163
10,Michael Nelson,398,Face soldier,2,1620193545
271,Cynthia Hall,204,About ever consumer,2,1625463920
273,Jennifer Atkinson,431,Choice catch,5,1618906403
183,Anita Johnson,42,Young somebody look improve,2,1617561310
153,Sean Alvarez MD,350,Today pull,2,1618308306
124,Lisa Scott,416,Movement general,2,1611474961
114,Kyle Gonzalez,288,Rich however company,2,1628684016
278,Ashley Hansen,426,Include here,1,1637451397
213,Randy Miller,416,Movement general,5,1628312795
172,Victoria Newton,26,Central goal story class,2,1625192326
288,Anna Schultz,371,Participant call final,5,1629068792
174,Emily Day DDS,385,As give middle,3,1634219147
113,Diamond White,56,Look low,1,1624715249
122,Leah Larson,253,Its young,2,1625698302
32,Nicole Fischer,122,Administration food check,1,1622151649
222,Catherine Hernandez,106,Cold various,1,1635509272
119,Michael Perez,130,Myself which indicate,3,1623271860
39,Brenda Mccormick DDS,337,Safe necessary standard,5,1610877984
268,Kylie Tyler,158,Southern door,1,1637851990
233,Emily Dunn,376,Red four significant,4,1626126664
18,Ryan Barton,231,Again sport,3,1631694341
149,Tommy Stephens,455,Travel method,4,1616925117
149,Tommy Stephens,308,Positive help base,3,1632069313
126,Joshua Williams,91,Section hair,4,1637861605
238,Amanda Bradley,393,However ready,4,1617548610
135,Deborah Brown,22,Yet to low,1,1612558735
151,Justin Hernandez,290,Left remember,1,1621284824
236,Justin Michael,110,Live just edge,3,1618759383
224,Connie Sullivan,49,Stage,5,1613317614
203,Craig King,129,Center practice involve,1,1625527132
256,Andre Owen,73,Car sometimes,1,1636479339
86,Joseph Burton,340,Imagine mouth,2,1619219126
150,Denise Cook,53,Agency happy pay,1,1621406375
235,Victoria Romero,467,Agent this,5,1614329113
22,Christopher Johnson,356,Whether interview drug,2,1622509093
285,Tara Hall,380,Size purpose,4,1609551010
269,Christine Kline,168,Age evening,4,1639708630
258,Michael Hansen,45,Capital prove,2,1625259971
29,Amber Thomas,452,Out own wonder,2,1623971258
213,Randy Miller,393,However ready,2,1614871529
283,Carrie Pacheco,105,Military stand,3,1614099085
50,Patricia Campbell,150,Campaign court,5,1627650548
95,Chase Morton,146,Traditional sea central late,5,1633873143
88,Christopher Wright,204,About ever consumer,4,1637551534
44,Marie Garcia,362,Market left give,4,1628423782
278,Ashley Hansen,299,Deep,4,1622392006
171,Dana Howard,167,Finish finish,1,1616837831
189,Rebekah Hunt,201,Family campaign hour,4,1632757289
184,Tanya Harris,134,Young interest,2,1614287282
3,Sarah Adams,211,Training most,4,1623446162
191,Stephanie Harrison,48,Indicate industry contain,2,1630977601
118,John Johnston,126,Agreement partner,3,1632457134
19,Tyler Franco,239,Drug end image,1,1628034752
23,Joshua Mccoy,7,Its my,1,1612190505
30,William Mathis,464,Other,5,1627793957
295,Cynthia Butler,453,Cut four,3,1633505269
108,Holly Ward,272,Not,2,1624837260
281,Daniel Evans,385,As give middle,3,1630893161
128,Lisa Jones,371,Participant call final,1,1627194283
229,Olivia Whitney,37,Doctor day too,2,1640054935
111,Samuel Nunez,487,Black purpose remember,3,1636671327
136,Jennifer Simon,211,Training most,1,1620686237
186,Kevin Soto,165,Team Republican,2,1612562981
144,Tonya Lozano,125,Necessary,2,1626368608
72,Sarah Olson,337,Safe necessary standard,1,1622976107
129,Heather Griffin,192,Side future nor,2,1631522934
261,Albert Lopez,218,According stop collection,1,1610677910
3,Sarah Adams,214,Recent kitchen scientist,4,1631437368
104,Zoe Scott,62,Which suffer,4,1637785965
224,Connie Sullivan,328,Part,2,1617577806
10,Michael Nelson,445,Sometimes,2,1628054267
231,Janice Bell,381,Out outside PM,1,1616092566
219,Michael Thornton,161,Collection,2,1619635703
66,Edgar Rowe,66,Compare someone assume,5,1617471779
112,Stephanie Nichols,286,Growth than,4,1624804664
13,Jason Herrera,239,Drug end image,2,1616472318
86,Joseph Burton,20,Set within beyond,2,1627839229
234,Diane Powell,188,Everybody still,3,1620712320
90,Jeffrey Parker,82,Director work,2,1640264647
54,Michelle Green,363,Stock per forget service,5,1633300226
12,Jack Flores,202,Stock understand,4,1621463309
209,Hector Morris,408,Only although boy,3,1639033808
14,Jon Orr,132,Situation almost use,1,1619260961
121,Alyssa Patel,37,Doctor day too,1,1639551982
20,Emily Casey,132,Situation almost use,4,1635036997
75,Richard Walker,77,All consumer,1,1623902532
243,Jack Rodriguez,89,Benefit best,5,1626747629
223,Andrea Graham,461,Event strong summer,2,1614168242
70,Amanda Walton,402,Point book specific set,4,1623236072
211,Scott Welch PhD,253,Its young,3,1639234663
101,Roger Collier,344,Measure also watch movie,2,1640010780
186,Kevin Soto,194,Especially,1,1630091490
132,Raven Williams,176,Of need,1,1640438737
111,Samuel Nunez,33,Movie thing,3,1616089319
132,Raven Williams,58,Forward husband model,5,1638128989
20,Emily Casey,467,Agent this,3,1622999374
24,Shannon Guerrero,201,Family campaign hour,4,1614534260
227,Amy Day,28,Outside since full,3,1615717070
154,Brett Park,35,Perform company,1,1624601999
293,Nicole Burns MD,487,Black purpose remember,5,1639082976
230,John Miller,125,Necessary,5,1635664009
202,Sonya Nguyen,394,Draw another Mr,3,1616080786
38,Omar Ford,321,Commercial stop hope,4,1616220644
260,Jared Flores,42,Young somebody look improve,1,1627139569
188,Amber Michael,85,Walk,2,1617331522
57,Sarah Miller,393,However ready,5,1638894755
20,Emily Casey,188,Everybody still,3,1631780227
273,Jennifer Atkinson,111,Reach generation body,4,1634638922
119,Michael Perez,271,Coach cold,4,1635553000
71,Emily Long,483,Available mouth structure,1,1627365792
4,Kyle Rios,441,Democrat stop mouth,5,1617537819
221,Jean Braun,325,State nearly,1,1611927519
14,Jon Orr,105,Military stand,2,1633478008
3,Sarah Adams,406,Over act,2,1619023102
216,Christopher Lewis,320,Parent fact,2,1636699656
229,Olivia Whitney,41,Us nature city,4,1628018890
186,Kevin Soto,215,Base will,5,1627004293
55,James Scott,71,Similar much investment,1,1640042362
254,Michael Johnson,56,Look low,1,1613784368
24,Shannon Guerrero,407,Have almost,2,1630393434
162,Robert Mcpherson,236,Eat may usually,5,1634537340
158,Mr. Justin Ramos,281,Market response,5,1616951627
82,Brianna Hall,475,Interest main,3,1615164565
159,Laura Baker MD,105,Military stand,5,1633748839
188,Amber Michael,390,Impact century,5,1636658863
60,Spencer Huffman,375,Husband picture,1,1640409060
211,Scott Welch PhD,162,As everybody,5,1639050132
152,Brad Hubbard,191,Much certainly bed forget,5,1614442016
109,Mary Young,9,Cause during,1,1637915600
76,Susan Cannon,60,Read return,5,1633773751
30,William Mathis,381,Out outside PM,1,1638743708
117,Christopher Simmons,305,Own weight direction,3,1619081268
192,Brandi Sanchez,225,Little husband,4,1625775399
19,Tyler Franco,307,Record magazine,1,1626203849
173,Michele Simmons,188,Everybody still,1,1635751185
228,Madeline Durham,70,Recognize occur name fly,5,1636125358
183,Anita Johnson,293,Material,1,1629506291
113,Diamond White,287,Simply,2,1633592076
183,Anita Johnson,482,Practice truth seat the,2,1637110170
146,Christopher Evans,169,Situation choose,3,1633835965
116,Samantha Liu,62,Which suffer,1,1611695689
113,Diamond White,349,Man leg industry,5,1632421471
251,Erik Jones,442,Science bag another,5,1627676008
251,Erik Jones,14,Similar professor security,4,1635423916
118,John Johnston,164,Indicate factor,3,1624399234
161,Michael Fox,420,Subject red red,5,1629909909
198,Lindsey Wu,245,Remain team,4,1633316506
260,Jared Flores,335,Bill team about join,5,1633690294
148,Micheal Gomez,8,Development away,4,1628577568
240,Manuel Carter,154,Write administration,2,1638663937
47,Carol Jones MD,36,Expect occur color,2,1613927498
198,Lindsey Wu,48,Indicate industry contain,5,1632239277
47,Carol Jones MD,85,Walk,3,1611446089
78,Danielle Williamson,28,Outside since full,1,1628273382
124,Lisa Scott,196,Hour party,3,1620603126
75,Richard Walker,446,Film success right,3,1633452539
137,Cory Mcbride,208,Research school sometimes,1,1611912864
90,Jeffrey Parker,470,Nation us half run,2,1639605945
61,Benjamin Smith,204,About ever consumer,2,1640891782
138,Adam Carrillo,464,Other,1,1625212558
50,Patricia Campbell,307,Record magazine,4,1624085273
259,Dawn Walter,104,Address south town information,3,1634288010
107,Tracy Riddle,230,Couple spend,5,1632159871
113,Diamond White,426,Include here,2,1613026469
254,Michael Johnson,101,Us say,5,1632284186
118,John Johnston,29,Seek bill,1,1629512437
198,Lindsey Wu,127,Color section,5,1633960934
51,Jason Martinez,338,Result it less eye,5,1639490694
245,Shannon Morrison,10,Day light call best,3,1618597248
35,Mrs. Mary Rodriguez,106,Cold various,1,1622468297
69,Dawn Tyler,167,Finish finish,5,1610060308
49,Crystal Gutierrez,466,Air while where,2,1614543950
74,Anna Perkins,257,Also yard,1,1620992157
192,Brandi Sanchez,295,Place cell a,2,1631466077
261,Albert Lopez,277,Bad dog image,4,1628754439
70,Amanda Walton,65,Party have adult,5,1617549271
90,Jeffrey Parker,271,Coach cold,1,1622123346
260,Jared Flores,388,Argue during,2,1625841410
126,Joshua Williams,188,Everybody still,5,1622535734
231,Janice Bell,317,Sign,3,1628604814
295,Cynthia Butler,404,Agent address,2,1618701347
129,Heather Griffin,138,Reduce new performance,2,1618082309
280,Erin Lane,343,Key road green,4,1636324216
100,Miranda Watson,105,Military stand,3,1632501801
297,Andrew Myers,34,Order line,4,1627175473
182,Christina Jones,380,Size purpose,3,1635757679
174,Emily Day DDS,110,Live just edge,2,1617190545
188,Amber Michael,432,Door anything appear office,4,1618466533
57,Sarah Miller,33,Movie thing,5,1638374610
31,Mr. Jesse Stevens,354,Lot modern,3,1615319024
84,Aaron Adams,231,Again sport,2,1630628657
152,Brad Hubbard,317,Sign,1,1609839645
36,Michele Garcia,266,Five first group hear,3,1636370380
213,Randy Miller,182,Enter main cover,3,1634781478
106,Joshua Soto,340,Imagine mouth,5,1632466035
220,Laura Williams,65,Party have adult,3,1617886603
163,Thomas Odonnell,333,Total check,3,1621044961
220,Laura Williams,1,Area together show,5,1618303563
270,Brenda Gray,133,Also mind,5,1636405163
120,Stephanie Gutierrez,80,Sister down civil,4,1637087447
182,Christina Jones,271,Coach cold,2,1631371683
106,Joshua Soto,241,Safe effort himself whether,2,1634412529
217,Barbara Mckenzie,28,Outside since full,4,1627488559
205,Nicole Kerr,223,Watch crime them,2,1633838160
70,Amanda Walton,23,Technology win,3,1617763120
44,Marie Garcia,496,Despite recent,4,1620409922
228,Madeline Durham,109,Usually meeting each bed,4,1632212709
184,Tanya Harris,107,Recent among pick laugh,2,1616986582
107,Tracy Riddle,145,About production,1,1628673868
84,Aaron Adams,369,Memory past,2,1635054984
250,Brenda Collins,354,Lot modern,1,1610858260
21,Ariel Ellis,397,Audience every,4,1609489768
196,Michelle Taylor,398,Face soldier,1,1614588999
178,Charles Smith,139,Conference discuss why,3,1633847504
7,Jessica Williams,284,Western wait,5,1635312911
70,Amanda Walton,298,Natural effect citizen effort,1,1612570255
127,William Shaw,480,Prove although audience,5,1625500410
160,Jose Hamilton,99,Certainly special relationship,3,1625560347
248,Diana Wright,317,Sign,5,1626466482
203,Craig King,123,Film those feeling,3,1632417207
148,Micheal Gomez,320,Parent fact,5,1610760783
143,Ashley Marsh DDS,287,Simply,5,1640797752
199,Kelly Zimmerman,81,Body size,2,1616245613
154,Brett Park,495,Near suffer loss,1,1622044467
142,Brandon Taylor,457,Need often,5,1611652781
165,Patrick Brown,10,Day light call best,4,1615412173
21,Ariel Ellis,8,Development away,2,1619355885
82,Brianna Hall,405,Attention plant yeah,1,1637200363
69,Dawn Tyler,205,Top idea,2,1635063973
131,George Smith,315,Unit resource,1,1624065107
87,Elizabeth Moore,434,Southern imagine,3,1614623724
218,Rachel Michael DDS,197,Full push myself,5,1628444719
161,Michael Fox,198,College camera fill,4,1623391358
178,Charles Smith,30,Service especially,2,1630186664
117,Christopher Simmons,479,Through resource,2,1632855393
196,Michelle Taylor,401,Manager senior factor,2,1638994805
86,Joseph Burton,459,Figure civil environmental,2,1636105658
289,Cory Contreras,20,Set within beyond,5,1638356828
81,Gary Contreras,48,Indicate industry contain,1,1626741314
152,Brad Hubbard,457,Need often,5,1612132169
61,Benjamin Smith,130,Myself which indicate,3,1624098131
61,Benjamin Smith,293,Material,5,1635777178
28,Mark Mcdonald,385,As give middle,5,1625371295
43,Angela Thornton,132,Situation almost use,3,1616256183
169,Christina Wallace,356,Whether interview drug,5,1624702729
86,Joseph Burton,54,Place population order,1,1612197543
177,Kevin Martinez,378,American practice,4,1627848336
17,Randy Gonzalez,281,Market response,3,1620426425
98,Christian Carr,387,Box respond dinner,2,1613195637
198,Lindsey Wu,265,Letter family,1,1619585376
98,Christian Carr,470,Nation us half run,4,1638072581
65,Kristin Harding,215,Base will,1,1625396134
5,Wendy Mack,460,Compare arrive member,1,1611624942
2,Rebecca Casey,458,Talk,2,1629653265
22,Christopher Johnson,290,Left remember,4,1639696328
112,Stephanie Nichols,43,Region few,1,1618683207
57,Sarah Miller,74,Lose none,2,1636009816
66,Edgar Rowe,350,Today pull,3,1616158942
98,Christian Carr,278,Far here free,2,1633335804
144,Tonya Lozano,326,Over true star,5,1614152707
125,Anthony Williams,242,International not foreign,2,1633062171
167,Dr. Richard Mccormick DVM,130,Myself which indicate,2,1622221223
86,Joseph Burton,350,Today pull,2,1630832832
76,Susan Cannon,194,Especially,1,1618205287
294,Hannah Daniels,32,Station risk although,4,1616748278
59,Michael Mata,106,Cold various,2,1622030635
138,Adam Carrillo,400,Speak able list,2,1629815318
99,Brittany Johnson,204,About ever consumer,5,1610942904
192,Brandi Sanchez,1,Area together show,5,1609460014
243,Jack Rodriguez,245,Remain team,3,1612024844
49,Crystal Gutierrez,72,Executive course follow,3,1633994383
32,Nicole Fischer,432,Door anything appear office,5,1618866393
277,Peter Miller,306,Argue thing,4,1638758750
20,Emily Casey,397,Audience every,3,1630434545
154,Brett Park,15,Trouble ground,4,1616325312
68,Luke Clark,53,Agency happy pay,5,1637130192
214,Evan Ramos,428,Paper adult well determine,3,1625263375
143,Ashley Marsh DDS,8,Development away,2,1611642742
232,Benjamin Pruitt,330,Speak than,5,1617303716
213,Randy Miller,46,Take rate,3,1609683123
79,Karen Delgado,325,State nearly,4,1613234292
214,Evan Ramos,114,Discuss right ready,4,1620675337
116,Samantha Liu,147,Strong employee thousand,3,1634804601
92,Jonathan Gonzales,495,Near suffer loss,4,1628062757
270,Brenda Gray,166,Yeah inside year,3,1627867179
168,Kevin Weeks,379,Next speech,3,1639557470
58,Jacqueline Aguilar,139,Conference discuss why,4,1622851145
284,Crystal Jackson,117,Pattern suddenly,1,1612746677
26,Holly Hoffman,299,Deep,2,1628756336
66,Edgar Rowe,276,Heart seat fear,5,1628069601
248,Diana Wright,404,Agent address,2,1640611122
254,Michael Johnson,277,Bad dog image,5,1616211763
44,Marie Garcia,338,Result it less eye,5,1640860101
97,Douglas Trujillo,313,Assume tonight,2,1629505499
42,Keith Ross,178,During learn threat,3,1611385658
227,Amy Day,330,Speak than,4,1611720716
262,Scott Henson,354,Lot modern,1,1624267688
167,Dr. Richard Mccormick DVM,154,Write administration,1,1628459019
279,Cristina Gonzalez,414,Along human find,1,1628661809
89,Katelyn Conrad,201,Family campaign hour,2,1623819751
178,Charles Smith,366,Drive debate,2,1612227896
197,Briana Wright,115,Position well defense,3,1629341105
267,Bradley Bowman,159,Fine option,1,1629602552
268,Kylie Tyler,42,Young somebody look improve,3,1612534902
74,Anna Perkins,247,Beat too this,1,1626208312
8,Hannah Hendrix,68,Great season space,2,1623419573
297,Andrew Myers,445,Sometimes,4,1624724929
164,Kara Ramirez,445,Sometimes,4,1640273159
85,Eric Jones,326,Over true star,4,1620514409
72,Sarah Olson,334,Rather two wife,4,1616441022
55,James Scott,196,Hour party,5,1617996424
47,Carol Jones MD,90,Week task,1,1619433659
238,Amanda Bradley,111,Reach generation body,4,1639348855
104,Zoe Scott,368,Turn wear,5,1639388401
210,Amanda Harrington,359,Question window,5,1640939838
42,Keith Ross,145,About production,5,1631856199
268,Kylie Tyler,275,Receive scene leader,3,1614889602
263,Joel Murray,179,Beat military experience,3,1636941768
259,Dawn Walter,241,Safe effort himself whether,5,1620104460
283,Carrie Pacheco,326,Over true star,4,1623099784
114,Kyle Gonzalez,319,Sense spend,1,1635721182
40,Shawn Estrada,477,Option,2,1634518488
220,Laura Williams,331,If radio range,3,1616463411
129,Heather Griffin,464,Other,4,1614551531
8,Hannah Hendrix,414,Along human find,4,1623552061
101,Roger Collier,153,Visit beat,2,1640493686
176,Kathy Cantrell,104,Address south town information,2,1638102380
107,Tracy Riddle,75,Agree history,4,1631218439
101,Roger Collier,128,Its,2,1636383470
260,Jared Flores,199,Question season information,4,1615250270
246,Emily Hensley,154,Write administration,2,1638089084
275,Wendy Fox,56,Look low,2,1622417150
32,Nicole Fischer,278,Far here free,4,1625602220
137,Cory Mcbride,345,Nice garden,5,1623958324
12,Jack Flores,19,Particular plan,4,1627417836
16,Robert Dunn,159,Fine option,1,1629566270
129,Heather Griffin,26,Central goal story class,2,1637694558
63,David English,426,Include here,3,1611457518
109,Mary Young,169,Situation choose,2,1613364792
21,Ariel Ellis,484,Particularly sense collection protect,1,1621313973
158,Mr. Justin Ramos,23,Technology win,3,1630905234
269,Christine Kline,47,Those actually property,3,1624109634
162,Robert Mcpherson,13,Identify brother culture,4,1614185005
260,Jared Flores,217,Particular next,5,1623367773
102,Steven Lawson,322,So later,4,1637604489
223,Andrea Graham,194,Especially,3,1632497520
59,Michael Mata,144,Evidence energy,3,1611965532
247,Brittney Hoffman,73,Car sometimes,5,1639894759
128,Lisa Jones,156,Peace certain,2,1610435473
283,Carrie Pacheco,77,All consumer,5,1630290315
25,Donald Stark,419,Protect,4,1627237424
131,George Smith,169,Situation choose,2,1625713174
196,Michelle Taylor,461,Event strong summer,4,1618649149
281,Daniel Evans,287,Simply,5,1633262346
154,Brett Park,85,Walk,2,1637138760
133,Ruth Ross,416,Movement general,5,1622136247
227,Amy Day,182,Enter main cover,1,1624734807
189,Rebekah Hunt,482,Practice truth seat the,3,1629594712
265,Laura King,456,Occur,2,1630126646
134,Jeffrey Jones,315,Unit resource,3,1623861912
211,Scott Welch PhD,297,Religious look better interest,1,1638802158
60,Spencer Huffman,112,Once,2,1633985288
213,Randy Miller,450,Over our stock catch,3,1624375051
216,Christopher Lewis,230,Couple spend,3,1627653514
226,Kelly Montgomery,96,Lot professor establish,2,1622838896
131,George Smith,438,Rule rest Democrat,3,1611914917
76,Susan Cannon,168,Age evening,3,1629200539
286,Richard Carroll,378,American practice,2,1619167751
277,Peter Miller,156,Peace certain,3,1640882377
156,Mrs. Ann Luna,421,Number after stop,3,1640116952
248,Diana Wright,105,Military stand,4,1618712494
218,Rachel Michael DDS,193,Seem time,4,1621846819
190,Amber Hunter,489,Amount anything tree,1,1613703548
163,Thomas Odonnell,330,Speak than,4,1639695978
180,Kristen Fuentes,439,Speak few report,4,1637331464
34,James Davis,132,Situation almost use,1,1626081512
41,Carrie Tucker,355,Yard impact information,3,1632428219
75,Richard Walker,382,Trouble source,3,1630313415
279,Cristina Gonzalez,138,Reduce new performance,4,1629060930
176,Kathy Cantrell,431,Choice catch,1,1638063924
150,Denise Cook,331,If radio range,3,1628119377
273,Jennifer Atkinson,270,Window whether,5,1634682989
108,Holly Ward,38,Enjoy,2,1625422306
139,Sherry Kennedy,396,Perform,2,1613723280
271,Cynthia Hall,45,Capital prove,2,1632821475
289,Cory Contreras,401,Manager senior factor,4,1620035892
212,Suzanne Petty,464,Other,2,1612425115
272,Todd Conley,163,Get dream,2,1616430705
66,Edgar Rowe,450,Over our stock catch,5,1638244414
248,Diana Wright,331,If radio range,3,1622372238
156,Mrs. Ann Luna,253,Its young,5,1626632978
47,Carol Jones MD,169,Situation choose,4,1609635451
201,John Scott,451,Relate leader,2,1638409813
148,Micheal Gomez,285,Term again pay quickly,3,1620771909
124,Lisa Scott,274,Make must improve,2,1616082478
1,Robert Humphrey,20,Set within beyond,2,1611769030
247,Brittney Hoffman,239,Drug end image,4,1630913224
128,Lisa Jones,270,Window whether,2,1623302931
191,Stephanie Harrison,418,Market together kitchen,1,1640844324
67,Andre Santana,433,Reach wall only,3,1619377354
4,Kyle Rios,310,Mouth,3,1633936001
294,Hannah Daniels,31,South activity bring coach,1,1630741439
143,Ashley Marsh DDS,314,Civil boy cell,4,1626082773
191,Stephanie Harrison,104,Address south town information,2,1623397871
21,Ariel Ellis,170,But perform body,2,1622747427
227,Amy Day,186,Road inside,3,1633108031
117,Christopher Simmons,128,Its,4,1634816774
142,Brandon Taylor,210,Field small,4,1624784325
39,Brenda Mccormick DDS,414,Along human find,4,1620529941
252,Chase Conley,281,Market response,2,1635442889
207,Richard Thomas,447,Together,4,1616874029
210,Amanda Harrington,253,Its young,1,1618057895
115,Rebecca Smith,19,Particular plan,5,1622844348
225,Cameron Perez,200,Say and let,4,1623838829
134,Jeffrey Jones,220,Rise dream fire,5,1616582189
251,Erik Jones,136,Too best,2,1629049043
219,Michael Thornton,223,Watch crime them,4,1618450459
91,Luis Harper,3,Usually career rock,3,1616787030
46,Steven Craig,451,Relate leader,2,1626235170
38,Omar Ford,236,Eat may usually,1,1627392896
142,Brandon Taylor,342,Skill measure,1,1638077596
100,Miranda Watson,465,Office likely purpose,5,1639458568
190,Amber Hunter,228,Discuss manage house,5,1622381832
35,Mrs. Mary Rodriguez,401,Manager senior factor,3,1619440149
147,Jacob Miller,142,None per,3,1616028927
30,William Mathis,499,Air event,1,1627502782
84,Aaron Adams,9,Cause during,4,1638321089
281,Daniel Evans,190,My feeling,1,1610466767
270,Brenda Gray,350,Today pull,1,1626758887
154,Brett Park,405,Attention plant yeah,3,1628870329
102,Steven Lawson,460,Compare arrive member,5,1638508357
215,Jamie Holland,165,Team Republican,3,1625418422
150,Denise Cook,480,Prove although audience,3,1618696076
83,Angela Bryant,139,Conference discuss why,3,1613958112
110,David Torres,276,Heart seat fear,1,1611045778
275,Wendy Fox,291,Sit serve majority,4,1615025102
201,John Scott,53,Agency happy pay,1,1610410912
284,Crystal Jackson,175,Near heart room,2,1632887497
173,Michele Simmons,110,Live just edge,3,1631435328
206,Yvonne Diaz MD,203,Girl,3,1612548539
63,David English,436,Send test enough,2,1609672075
73,Karen Arnold,136,Too best,3,1616578602
251,Erik Jones,4,Address way thousand,3,1629479132
124,Lisa Scott,155,During lose image write,3,1635940880
121,Alyssa Patel,172,Recognize physical per hold,2,1635771715
275,Wendy Fox,424,Mind account low,1,1630462236
120,Stephanie Gutierrez,358,Avoid product,3,1634964150
164,Kara Ramirez,47,Those actually property,4,1615159174
286,Richard Carroll,94,Between attention others,2,1615795755
265,Laura King,428,Paper adult well determine,5,1625725316
161,Michael Fox,48,Indicate industry contain,2,1611529403
89,Katelyn Conrad,240,Institution hundred old,1,1612318085
142,Brandon Taylor,347,Research seek,2,1620580321
203,Craig King,213,Appear spring address,5,1614491124
227,Amy Day,436,Send test enough,4,1638812422
222,Catherine Hernandez,340,Imagine mouth,5,1621379757
41,Carrie Tucker,324,Even young increase from,2,1639349176
196,Michelle Taylor,139,Conference discuss why,5,1616255029
68,Luke Clark,205,Top idea,2,1632636635
264,Daniel Green,381,Out outside PM,4,1638200365
2,Rebecca Casey,73,Car sometimes,4,1626706825
125,Anthony Williams,4,Address way thousand,1,1640253699
110,David Torres,76,People nearly body,4,1628109506
86,Joseph Burton,329,Become career both program,3,1615966104
120,Stephanie Gutierrez,77,All consumer,5,1614743510
127,William Shaw,304,Report area bed,5,1634020186
255,Samantha Donaldson,256,Beat conference,2,1625752525
183,Anita Johnson,410,White door turn,4,1609667132
16,Robert Dunn,102,Defense defense,1,1609588389
62,Amy Stuart,106,Cold various,1,1638320287
158,Mr. Justin Ramos,333,Total check,1,1618848406
268,Kylie Tyler,39,Maybe kind certain,3,1610491502
35,Mrs. Mary Rodriguez,476,Good property,4,1629533159
267,Bradley Bowman,314,Civil boy cell,1,1623785508
64,Cheryl Roberts,275,Receive scene leader,3,1636239874
50,Patricia Campbell,88,Huge fill eye,5,1611863010
255,Samantha Donaldson,211,Training most,2,1624351244
149,Tommy Stephens,369,Memory past,4,1621963425
276,Claudia Wells,77,All consumer,4,1637652311
172,Victoria Newton,77,All consumer,5,1632070592
201,John Scott,442,Science bag another,4,1636355915
35,Mrs. Mary Rodriguez,28,Outside since full,4,1619730183
216,Christopher Lewis,245,Remain team,4,1634000466
65,Kristin Harding,66,Compare someone assume,4,1626306824
8,Hannah Hendrix,266,Five first group hear,3,1621217691
76,Susan Cannon,382,Trouble source,3,1633357645
174,Emily Day DDS,470,Nation us half run,2,1615074010
47,Carol Jones MD,205,Top idea,4,1619163281
15,Christine Perry,58,Forward husband model,5,1629908265
147,Jacob Miller,201,Family campaign hour,1,1630141736
26,Holly Hoffman,225,Little husband,2,1609695392
93,Katie Carter,142,None per,1,1623468260
232,Benjamin Pruitt,381,Out outside PM,1,1614011625
21,Ariel Ellis,368,Turn wear,4,1626800728
38,Omar Ford,84,Natural opportunity,5,1613377356
276,Claudia Wells,143,Seat huge,1,1615335221
157,Adam Arnold,352,Spring walk,1,1640079574
179,Jerry Wells,33,Movie thing,2,1625863264
132,Raven Williams,401,Manager senior factor,5,1629916372
28,Mark Mcdonald,152,Surface reflect,5,1620766561
260,Jared Flores,158,Southern door,1,1634965815
76,Susan Cannon,446,Film success right,5,1632768611
67,Andre Santana,141,Right traditional,2,1617368720
194,Linda Lowery,446,Film success right,2,1630618121
162,Robert Mcpherson,251,Hour such name,2,1612000726
257,Jason Hill,303,Believe serve important,4,1640553003
72,Sarah Olson,112,Once,1,1611795706
87,Elizabeth Moore,144,Evidence energy,5,1622190977
262,Scott Henson,450,Over our stock catch,2,1613212898
214,Evan Ramos,209,Institution bar,1,1632561549
153,Sean Alvarez MD,224,Season hour low,1,1631938808
210,Amanda Harrington,43,Region few,4,1624948718
61,Benjamin Smith,264,Accept,5,1627225068
268,Kylie Tyler,244,Within history,5,1634595496
262,Scott Henson,3,Usually career rock,2,1630589057
218,Rachel Michael DDS,125,Necessary,2,1624664082
283,Carrie Pacheco,268,Middle turn,1,1618119503
136,Jennifer Simon,84,Natural opportunity,5,1618138346
93,Katie Carter,16,Bank win sort,5,1628900843
109,Mary Young,334,Rather two wife,2,1640834392
241,Rhonda Harrell,464,Other,3,1639673856
142,Brandon Taylor,59,Far carry until,1,1640214145
291,Tina Edwards,177,Detail including south,5,1629714927
237,Wyatt Case,63,Matter speak price political,4,1611449370
177,Kevin Martinez,446,Film success right,4,1636150273
141,Sydney Thompson,491,Reduce place thousand,3,1615465209
189,Rebekah Hunt,49,Stage,2,1632530653
49,Crystal Gutierrez,307,Record magazine,2,1639885234
190,Amber Hunter,246,Like realize popular,2,1633843849
136,Jennifer Simon,289,Total company water,4,1622625042
43,Angela Thornton,286,Growth than,2,1611217385
90,Jeffrey Parker,443,Explain nature future,4,1637035983
295,Cynthia Butler,332,Left good,3,1627844236
245,Shannon Morrison,15,Trouble ground,1,1631714735
192,Brandi Sanchez,338,Result it less eye,5,1638572799
106,Joshua Soto,255,Safe spring,3,1629120881
233,Emily Dunn,92,High same several,4,1639214391
265,Laura King,279,South degree,3,1622802375
37,Jennifer Dudley,206,Walk form magazine election,5,1620913591
41,Carrie Tucker,94,Between attention others,1,1633173425
17,Randy Gonzalez,225,Little husband,5,1636023390
277,Peter Miller,301,Heavy late each,4,1635800748
59,Michael Mata,318,Answer language,5,1615001560
183,Anita Johnson,463,True American course,3,1611113914
41,Carrie Tucker,199,Question season information,2,1634196390
39,Brenda Mccormick DDS,271,Coach cold,3,1622213115
192,Brandi Sanchez,500,Economy agent,4,1614090644
267,Bradley Bowman,234,Participant imagine final,1,1637531574
147,Jacob Miller,46,Take rate,5,1615139319
127,William Shaw,64,Wife difference hot,1,1614713400
46,Steven Craig,230,Couple spend,4,1628260337
45,Brittany Moses,430,Time scientist,5,1610048613
1,Robert Humphrey,440,Report consider,3,1614638760
168,Kevin Weeks,249,Class young success,3,1631701468
108,Holly Ward,246,Like realize popular,4,1628568645
19,Tyler Franco,428,Paper adult well determine,5,1626195281
72,Sarah Olson,75,Agree history,3,1627402288
109,Mary Young,157,Guess yourself,4,1638944683
268,Kylie Tyler,223,Watch crime them,4,1640585122
240,Manuel Carter,190,My feeling,1,1618299738
90,Jeffrey Parker,473,Cover party,3,1640928260
103,Christopher Santiago,52,Shake until,5,1614516166
250,Brenda Collins,438,Rule rest Democrat,3,1637236425
8,Hannah Hendrix,88,Huge fill eye,3,1633527474
153,Sean Alvarez MD,313,Assume tonight,3,1610096184
174,Emily Day DDS,339,Mean before response,4,1636164793
158,Mr. Justin Ramos,66,Compare someone assume,2,1610089563
215,Jamie Holland,150,Campaign court,2,1638024483
177,Kevin Martinez,20,Set within beyond,1,1630563721
175,Ryan Schneider,33,Movie thing,3,1612962225
146,Christopher Evans,328,Part,2,1634606562
161,Michael Fox,281,Market response,1,1628844020
127,William Shaw,46,Take rate,4,1635530978
82,Brianna Hall,73,Car sometimes,3,1619303844
147,Jacob Miller,354,Lot modern,5,1637607023
239,Justin Stephens,313,Assume tonight,4,1625035411
84,Aaron Adams,343,Key road green,1,1640245450
113,Diamond White,133,Also mind,4,1613515641
225,Cameron Perez,55,Out outside move,5,1614713196
243,Jack Rodriguez,61,Point treatment,4,1613603675
143,Ashley Marsh DDS,345,Nice garden,1,1636019045
41,Carrie Tucker,8,Development away,5,1639248439
258,Michael Hansen,272,Not,5,1637270331
285,Tara Hall,246,Like realize popular,4,1637618115
105,Brandon Cunningham,176,Of need,5,1625713336
202,Sonya Nguyen,493,Pm director PM,4,1623790133
266,Joe Mora,116,Window suddenly,3,1613981220
210,Amanda Harrington,317,Sign,5,1620403410
51,Jason Martinez,271,Coach cold,4,1635757348
118,John Johnston,193,Seem time,3,1638961652
201,John Scott,150,Campaign court,5,1613738765
39,Brenda Mccormick DDS,131,Pull certain professional,3,1616675166
28,Mark Mcdonald,102,Defense defense,5,1620713691
259,Dawn Walter,310,Mouth,1,1624359931
84,Aaron Adams,270,Window whether,1,1621850851
155,Joshua Snyder,292,System understand,4,1612112811
117,Christopher Simmons,210,Field small,2,1619449189
2,Rebecca Casey,495,Near suffer loss,1,1615906002
93,Katie Carter,361,Difference season lead cover,2,1636624681
166,Gregory Lin,338,Result it less eye,3,1637274112
296,Blake Griffin,67,Figure born treatment,3,1620276758
258,Michael Hansen,10,Day light call best,2,1613409270
81,Gary Contreras,49,Stage,4,1618057499
268,Kylie Tyler,487,Black purpose remember,5,1640966127
235,Victoria Romero,111,Reach generation body,2,1639291267
213,Randy Miller,321,Commercial stop hope,2,1638295464
62,Amy Stuart,219,Example security,2,1615409339
49,Crystal Gutierrez,57,Leave statement,2,1640418833
127,William Shaw,283,Congress option,2,1616702910
223,Andrea Graham,459,Figure civil environmental,4,1638804412
279,Cristina Gonzalez,113,Truth everybody,1,1616135216
294,Hannah Daniels,133,Also mind,5,1616749614
284,Crystal Jackson,71,Similar much investment,1,1639497842
277,Peter Miller,83,He fill but state,2,1629037094
107,Tracy Riddle,57,Leave statement,1,1613534424
146,Christopher Evans,376,Red four significant,4,1610803921
99,Brittany Johnson,349,Man leg industry,3,1640893701
73,Karen Arnold,271,Coach cold,1,1635846196
122,Leah Larson,483,Available mouth structure,5,1620931019
30,William Mathis,111,Reach generation body,4,1622043416
188,Amber Michael,357,Population before next west,3,1620591970
288,Anna Schultz,375,Husband picture,4,1635523904
195,Eric Guzman,76,People nearly body,2,1620911748
156,Mrs. Ann Luna,158,Southern door,3,1622910912
172,Victoria Newton,20,Set within beyond,5,1612693255
41,Carrie Tucker,421,Number after stop,3,1614449958
63,David English,131,Pull certain professional,5,1633783406
23,Joshua Mccoy,329,Become career both program,2,1626313770
75,Richard Walker,122,Administration food check,5,1620371793
48,Laura Knox,41,Us nature city,4,1635793645
160,Jose Hamilton,167,Finish finish,1,1617655162
118,John Johnston,410,White door turn,4,1622232008
100,Miranda Watson,130,Myself which indicate,4,1629505924
167,Dr. Richard Mccormick DVM,23,Technology win,3,1616476406
290,Sonia Ward,279,South degree,2,1637805059
156,Mrs. Ann Luna,251,Hour such name,1,1620192619
7,Jessica Williams,469,Hair free north,5,1620730204
196,Michelle Taylor,400,Speak able list,3,1615163776
56,Laura Sanders,9,Cause during,2,1615346013
193,Ms. Jennifer Jones DVM,13,Identify brother culture,1,1632419127
47,Carol Jones MD,412,Apply capital school,4,1627550380
148,Micheal Gomez,411,Visit pull then inside,2,1621933760
275,Wendy Fox,307,Record magazine,2,1610532866
157,Adam Arnold,320,Parent fact,2,1624465685
202,Sonya Nguyen,52,Shake until,4,1633163719
126,Joshua Williams,209,Institution bar,5,1636822071
294,Hannah Daniels,38,Enjoy,3,1625310481
64,Cheryl Roberts,100,Least outside five mother,5,1618289560
176,Kathy Cantrell,193,Seem time,1,1636975731
116,Samantha Liu,402,Point book specific set,3,1631340115
204,Krista Gregory,191,Much certainly bed forget,1,1615475870
31,Mr. Jesse Stevens,51,Most and,4,1631738141
113,Diamond White,393,However ready,5,1625042511
67,Andre Santana,141,Right traditional,2,1613524033
75,Richard Walker,168,Age evening,3,1631380176
45,Brittany Moses,311,Military control fly state,2,1616910345
260,Jared Flores,109,Usually meeting each bed,1,1615014598
154,Brett Park,207,Much poor paper,2,1612479546
155,Joshua Snyder,427,Usually speech enter,2,1635161833
234,Diane Powell,300,Blood skill name,4,1639443762
51,Jason Martinez,110,Live just edge,4,1614909171
262,Scott Henson,196,Hour party,5,1632404858
125,Anthony Williams,417,Change technology bed,1,1628478344
245,Shannon Morrison,152,Surface reflect,4,1620003893
30,William Mathis,420,Subject red red,4,1619491773
122,Leah Larson,243,Daughter never interesting,5,1638863184
125,Anthony Williams,128,Its,3,1624700808
37,Jennifer Dudley,105,Military stand,5,1630225928
170,Joseph Gonzalez,10,Day light call best,2,1640650852
124,Lisa Scott,356,Whether interview drug,2,1611980183
35,Mrs. Mary Rodriguez,148,Individual turn dog,4,1632649510
87,Elizabeth Moore,489,Amount anything tree,4,1611270346
134,Jeffrey Jones,365,Set pretty,5,1632267655
196,Michelle Taylor,364,Reality plant,5,1612489368
274,William Hartman,459,Figure civil environmental,1,1627031149
201,John Scott,140,You forget,2,1612691777
285,Tara Hall,190,My feeling,5,1631160073
77,Sharon Nicholson,402,Point book specific set,3,1610972020
59,Michael Mata,94,Between attention others,1,1623945879
126,Joshua Williams,492,Computer within,5,1634974159
109,Mary Young,496,Despite recent,4,1616600146
224,Connie Sullivan,229,Material add,5,1628826042
278,Ashley Hansen,63,Matter speak price political,4,1625121694
68,Luke Clark,340,Imagine mouth,4,1636090250
69,Dawn Tyler,25,Happy hear,2,1617616005
165,Patrick Brown,268,Middle turn,2,1615596357
162,Robert Mcpherson,405,Attention plant yeah,5,1625071775
42,Keith Ross,281,Market response,5,1623452710
109,Mary Young,11,Open who between,3,1624981516
51,Jason Martinez,320,Parent fact,1,1610916666
250,Brenda Collins,201,Family campaign hour,1,1627169346
21,Ariel Ellis,126,Agreement partner,5,1612546487
300,Kimberly Lynch,306,Argue thing,2,1610814711
139,Sherry Kennedy,190,My feeling,3,1632748584
92,Jonathan Gonzales,89,Benefit best,1,1632006839
280,Erin Lane,355,Yard impact information,5,1632168482
125,Anthony Williams,116,Window suddenly,2,1620962725
111,Samuel Nunez,352,Spring walk,2,1632485368
139,Sherry Kennedy,177,Detail including south,2,1622833488
273,Jennifer Atkinson,14,Similar professor security,4,1620376002
99,Brittany Johnson,257,Also yard,2,1624956193
252,Chase Conley,209,Institution bar,5,1639633483
104,Zoe Scott,281,Market response,3,1631383511
214,Evan Ramos,443,Explain nature future,5,1631228997
249,Michaela Anderson,328,Part,2,1617675497
152,Brad Hubbard,325,State nearly,3,1626697738
250,Brenda Collins,389,Professor level place,1,1612960111
275,Wendy Fox,105,Military stand,1,1629848346
165,Patrick Brown,483,Available mouth structure,5,1624356143
8,Hannah Hendrix,147,Strong employee thousand,3,1612842007
284,Crystal Jackson,279,South degree,5,1629437713
5,Wendy Mack,9,Cause during,3,1628415002
145,Charlotte Gordon,118,College a,3,1617010229
101,Roger Collier,94,Between attention others,5,1629626934
164,Kara Ramirez,434,Southern imagine,3,1627179383
147,Jacob Miller,144,Evidence energy,2,1625975016
64,Cheryl Roberts,289,Total company water,3,1614659348
91,Luis Harper,386,Resource about with,3,1617228730
117,Christopher Simmons,14,Similar professor security,5,1618948466
267,Bradley Bowman,494,Occur almost us,1,1618295713
173,Michele Simmons,257,Also yard,4,1620283511
47,Carol Jones MD,346,Society former sense,3,1621596896
140,Michael Thomas,186,Road inside,4,1614659641
246,Emily Hensley,345,Nice garden,3,1631281918
149,Tommy Stephens,400,Speak able list,5,1633642159
246,Emily Hensley,207,Much poor paper,5,1609967669
5,Wendy Mack,346,Society former sense,3,1613394577
184,Tanya Harris,431,Choice catch,5,1621467394
20,Emily Casey,172,Recognize physical per hold,5,1634524311
46,Steven Craig,464,Other,3,1628969856
12,Jack Flores,270,Window whether,1,1629173509
70,Amanda Walton,221,Instead way,3,1631934482
17,Randy Gonzalez,152,Surface reflect,1,1622870898
147,Jacob Miller,111,Reach generation body,5,1611857066
154,Brett Park,183,Seem area,1,1621524858
108,Holly Ward,399,Word never,5,1611572615
236,Justin Michael,339,Mean before response,1,1635854771
70,Amanda Walton,72,Executive course follow,1,1633781832
183,Anita Johnson,418,Market together kitchen,3,1624641838
250,Brenda Collins,386,Resource about with,1,1633651796
228,Madeline Durham,283,Congress option,5,1626845979
102,Steven Lawson,74,Lose none,3,1623510829
75,Richard Walker,355,Yard impact information,1,1618623107
216,Christopher Lewis,215,Base will,3,1610789495
203,Craig King,497,Truth character,4,1635695831
192,Brandi Sanchez,328,Part,3,1640731271
249,Michaela Anderson,476,Good property,4,1622745203
242,Robert Doyle,23,Technology win,4,1627045948
179,Jerry Wells,68,Great season space,3,1630048272
219,Michael Thornton,398,Face soldier,5,1619405519
82,Brianna Hall,447,Together,5,1615941065
92,Jonathan Gonzales,373,Beat particularly age sit,5,1625959585
175,Ryan Schneider,362,Market left give,2,1635398442
239,Justin Stephens,93,Source campaign prove,4,1623665673
260,Jared Flores,321,Commercial stop hope,3,1626247773
163,Thomas Odonnell,324,Even young increase from,5,1612016541
48,Laura Knox,384,Institution half small,5,1635305330
116,Samantha Liu,63,Matter speak price political,3,1617541016
225,Cameron Perez,224,Season hour low,4,1634171774
147,Jacob Miller,225,Little husband,3,1613497272
63,David English,369,Memory past,2,1637301613
294,Hannah Daniels,346,Society former sense,2,1610513342
13,Jason Herrera,337,Safe necessary standard,3,1633174634
189,Rebekah Hunt,103,Always represent forward,4,1627064424
287,Sarah Erickson,215,Base will,5,1632319046
208,Nicholas Nelson,192,Side future nor,2,1621325230
114,Kyle Gonzalez,160,Parent draw major,2,1632917075
22,Christopher Johnson,372,Certain economy factor,4,1627860688
214,Evan Ramos,207,Much poor paper,2,1627731714
171,Dana Howard,269,Federal cost management,2,1620718318
54,Michelle Green,194,Especially,4,1616091949
298,Jessica Williams,380,Size purpose,3,1636500199
126,Joshua Williams,403,Myself describe guy financial,5,1639115171
277,Peter Miller,152,Surface reflect,5,1614950169
204,Krista Gregory,237,Room situation,2,1627596681
194,Linda Lowery,88,Huge fill eye,5,1622536097
169,Christina Wallace,11,Open who between,3,1612980999
152,Brad Hubbard,187,Project ahead,2,1611774774
35,Mrs. Mary Rodriguez,214,Recent kitchen scientist,5,1614463322
184,Tanya Harris,15,Trouble ground,1,1635995017
286,Richard Carroll,266,Five first group hear,1,1636310200
57,Sarah Miller,297,Religious look better interest,1,1637550193
222,Catherine Hernandez,411,Visit pull then inside,1,1625580110
163,Thomas Odonnell,444,Nation road it,1,1612316004
19,Tyler Franco,73,Car sometimes,2,1639875413
264,Daniel Green,52,Shake until,4,1613895729
282,David Campbell,128,Its,4,1612419391
113,Diamond White,28,Outside since full,2,1625412190
30,William Mathis,65,Party have adult,2,1626086657
135,Deborah Brown,17,Station ask,3,1636407724
67,Andre Santana,351,Heavy shoulder,4,1630638942
65,Kristin Harding,428,Paper adult well determine,1,1631948349
292,Yvette Rice,138,Reduce new performance,2,1609714317
25,Donald Stark,319,Sense spend,1,1616862537
37,Jennifer Dudley,229,Material add,4,1613492445
1,Robert Humphrey,254,Page,5,1625492835
37,Jennifer Dudley,477,Option,5,1617138286
141,Sydney Thompson,210,Field small,2,1621027943
232,Benjamin Pruitt,431,Choice catch,3,1639652366
136,Jennifer Simon,294,Marriage kind,1,1621625101
188,Amber Michael,231,Again sport,2,1621204126
128,Lisa Jones,241,Safe effort himself whether,3,1634230940
201,John Scott,70,Recognize occur name fly,1,1633542170
127,William Shaw,104,Address south town information,4,1610946644
257,Jason Hill,204,About ever consumer,5,1613270536
164,Kara Ramirez,53,Agency happy pay,3,1634897683
35,Mrs. Mary Rodriguez,462,Sing age,1,1625550562
194,Linda Lowery,428,Paper adult well determine,2,1617678009
191,Stephanie Harrison,375,Husband picture,1,1621135438
104,Zoe Scott,330,Speak than,2,1638093527
23,Joshua Mccoy,54,Place population order,5,1610870704
265,Laura King,276,Heart seat fear,5,1625313336
290,Sonia Ward,335,Bill team about join,1,1620869263
260,Jared Flores,31,South activity bring coach,1,1633257315
75,Richard Walker,135,Brother,2,1612833098
72,Sarah Olson,58,Forward husband model,2,1611963896
259,Dawn Walter,105,Military stand,3,1615107975
188,Amber Michael,266,Five first group hear,3,1615247426
173,Michele Simmons,10,Day light call best,3,1617187602
290,Sonia Ward,496,Despite recent,1,1623319533
45,Brittany Moses,253,Its young,3,1629690984
61,Benjamin Smith,295,Place cell a,1,1613607874
83,Angela Bryant,156,Peace certain,5,1615466403
123,Cynthia Howell,158,Southern door,4,1613692376
16,Robert Dunn,37,Doctor day too,5,1636252859
66,Edgar Rowe,119,Site media operation,1,1614522019
145,Charlotte Gordon,67,Figure born treatment,1,1614201098
162,Robert Mcpherson,242,International not foreign,4,1632573565
234,Diane Powell,299,Deep,2,1611322447
144,Tonya Lozano,463,True American course,2,1639436982
188,Amber Michael,213,Appear spring address,2,1632858933
13,Jason Herrera,308,Positive help base,3,1630793232
184,Tanya Harris,101,Us say,2,1624637373
111,Samuel Nunez,56,Look low,3,1614927529
290,Sonia Ward,332,Left good,3,1630569239
295,Cynthia Butler,324,Even young increase from,2,1620424080
215,Jamie Holland,239,Drug end image,2,1615901999
120,Stephanie Gutierrez,393,However ready,4,1624598355
55,James Scott,231,Again sport,4,1624127701
27,Mary Ford,362,Market left give,3,1634219205
118,John Johnston,381,Out outside PM,4,1615442950
221,Jean Braun,92,High same several,3,1622789517
231,Janice Bell,279,South degree,1,1639447050
53,Brittney Small PhD,447,Together,3,1612268555
295,Cynthia Butler,109,Usually meeting each bed,3,1637010541
233,Emily Dunn,317,Sign,4,1620203140
158,Mr. Justin Ramos,168,Age evening,1,1626169732
269,Christine Kline,300,Blood skill name,5,1612959871
21,Ariel Ellis,470,Nation us half run,5,1611612819
53,Brittney Small PhD,408,Only although boy,5,1632338997
275,Wendy Fox,435,Lawyer use,1,1626347830
281,Daniel Evans,442,Science bag another,2,1634433465
214,Evan Ramos,218,According stop collection,1,1622085198
31,Mr. Jesse Stevens,222,Relate service,4,1613502297
183,Anita Johnson,161,Collection,3,1639424760
23,Joshua Mccoy,16,Bank win sort,3,1639868542
32,Nicole Fischer,278,Far here free,4,1629324317
74,Anna Perkins,497,Truth character,4,1622899223
10,Michael Nelson,57,Leave statement,3,1623284694
54,Michelle Green,62,Which suffer,2,1639672520
52,Chelsey Parker,498,List or admit,2,1611603586
148,Micheal Gomez,363,Stock per forget service,2,1621316729
160,Jose Hamilton,466,Air while where,4,1636523875
14,Jon Orr,327,Audience single,3,1618551215
178,Charles Smith,242,International not foreign,3,1617819285
53,Brittney Small PhD,90,Week task,3,1631620109
22,Christopher Johnson,72,Executive course follow,1,1629109039
30,William Mathis,326,Over true star,1,1628658716
191,Stephanie Harrison,30,Service especially,5,1631802929
260,Jared Flores,359,Question window,1,1623900111
205,Nicole Kerr,407,Have almost,2,1622147823
59,Michael Mata,288,Rich however company,2,1621412833
264,Daniel Green,86,Car despite,2,1621640585
12,Jack Flores,234,Participant imagine final,2,1636442054
119,Michael Perez,235,Direction phone eye,5,1615283672
290,Sonia Ward,313,Assume tonight,2,1620878106
248,Diana Wright,365,Set pretty,4,1632261966
127,William Shaw,265,Letter family,4,1621330783
75,Richard Walker,287,Simply,4,1638664347
204,Krista Gregory,327,Audience single,1,1628830856
49,Crystal Gutierrez,393,However ready,3,1611804486
79,Karen Delgado,269,Federal cost management,5,1609577978
241,Rhonda Harrell,186,Road inside,4,1636608503
154,Brett Park,131,Pull certain professional,4,1631512399
274,William Hartman,291,Sit serve majority,2,1633556633
96,Michael Cohen,481,Whom quite involve,4,1635688930
214,Evan Ramos,277,Bad dog image,2,1636083280
294,Hannah Daniels,320,Parent fact,2,1627418198
209,Hector Morris,351,Heavy shoulder,3,1616923911
88,Christopher Wright,180,Middle believe speech,1,1616324353
264,Daniel Green,290,Left remember,2,1632754142
157,Adam Arnold,480,Prove although audience,2,1626236600
156,Mrs. Ann Luna,377,Subject however guess,3,1628822707
139,Sherry Kennedy,163,Get dream,2,1632649401
121,Alyssa Patel,271,Coach cold,5,1636640378
65,Kristin Harding,376,Red four significant,1,1623852408
107,Tracy Riddle,96,Lot professor establish,5,1613464159
147,Jacob Miller,262,Look sometimes central,4,1617836124
137,Cory Mcbride,365,Set pretty,1,1640972290
162,Robert Mcpherson,469,Hair free north,4,1632082311
100,Miranda Watson,353,Wonder scientist statement,2,1637970874
141,Sydney Thompson,288,Rich however company,3,1623079937
83,Angela Bryant,436,Send test enough,5,1632429534
177,Kevin Martinez,83,He fill but state,4,1613069757
198,Lindsey Wu,225,Little husband,2,1638607730
112,Stephanie Nichols,412,Apply capital school,5,1620504368
56,Laura Sanders,223,Watch crime them,5,1631134564
179,Jerry Wells,469,Hair free north,4,1611223699
186,Kevin Soto,118,College a,2,1617136412
218,Rachel Michael DDS,482,Practice truth seat the,3,1617928336
217,Barbara Mckenzie,192,Side future nor,4,1622228297
120,Stephanie Gutierrez,79,Such no,5,1611740520
175,Ryan Schneider,78,Difference yet,5,1636208021
23,Joshua Mccoy,147,Strong employee thousand,1,1636335365
213,Randy Miller,107,Recent among pick laugh,2,1636621373
235,Victoria Romero,382,Trouble source,1,1628022762
13,Jason Herrera,271,Coach cold,3,1632100577
101,Roger Collier,390,Impact century,4,1626352158
24,Shannon Guerrero,244,Within history,5,1620617405
11,Renee Hall,73,Car sometimes,2,1613164918
273,Jennifer Atkinson,357,Population before next west,5,1611283211
281,Daniel Evans,468,Too pull,1,1640865291
94,Richard Johnson,354,Lot modern,1,1612749502
201,John Scott,422,Exactly dog marriage,4,1620253583
21,Ariel Ellis,26,Central goal story class,2,1622645784
211,Scott Welch PhD,210,Field small,2,1637858709
140,Michael Thomas,92,High same several,4,1610784346
293,Nicole Burns MD,125,Necessary,1,1629845591
298,Jessica Williams,435,Lawyer use,1,1627006283
101,Roger Collier,73,Car sometimes,1,1634509812
28,Mark Mcdonald,480,Prove although audience,5,1637555473
41,Carrie Tucker,123,Film those feeling,3,1612128044
146,Christopher Evans,309,Require world late,1,1638386286
256,Andre Owen,184,Challenge second,3,1610303055
227,Amy Day,187,Project ahead,3,1628424515
236,Justin Michael,198,College camera fill,2,1613072523
13,Jason Herrera,78,Difference yet,4,1633607600
210,Amanda Harrington,348,Relate woman performance,5,1609825214
229,Olivia Whitney,186,Road inside,3,1618140689
100,Miranda Watson,344,Measure also watch movie,5,1639397941
31,Mr. Jesse Stevens,253,Its young,2,1633746287
16,Robert Dunn,13,Identify brother culture,1,1631704160
137,Cory Mcbride,299,Deep,3,1619653914
166,Gregory Lin,76,People nearly body,4,1626147049
100,Miranda Watson,51,Most and,2,1630039506
109,Mary Young,275,Receive scene leader,5,1618716399
173,Michele Simmons,149,Us social,1,1635340621
237,Wyatt Case,219,Example security,5,1630285208
162,Robert Mcpherson,122,Administration food check,4,1612922785
216,Christopher Lewis,211,Training most,3,1616841047
264,Daniel Green,280,Method station,4,1624597477
263,Joel Murray,26,Central goal story class,5,1619350459
292,Yvette Rice,173,Create especially include,5,1628054581
274,William Hartman,156,Peace certain,4,1639862358
3,Sarah Adams,238,Involve cut,4,1633246468
28,Mark Mcdonald,376,Red four significant,4,1615052011
149,Tommy Stephens,82,Director work,1,1610848163
28,Mark Mcdonald,492,Computer within,5,1613087797
65,Kristin Harding,356,Whether interview drug,2,1613676247
21,Ariel Ellis,490,To modern,1,1635468195
252,Chase Conley,413,Matter agreement,1,1621637316
235,Victoria Romero,273,Watch vote,1,1610453030
227,Amy Day,68,Great season space,2,1618878917
13,Jason Herrera,44,Approach career,4,1620829548
49,Crystal Gutierrez,493,Pm director PM,5,1633182435
118,John Johnston,61,Point treatment,3,1627497196
54,Michelle Green,123,Film those feeling,3,1624169603
138,Adam Carrillo,349,Man leg industry,5,1618930505
53,Brittney Small PhD,196,Hour party,2,1635061235
44,Marie Garcia,330,Speak than,3,1639788864
53,Brittney Small PhD,409,Us free body,1,1625564116
74,Anna Perkins,479,Through resource,3,1620912295
46,Steven Craig,323,Feeling front,5,1614743526
13,Jason Herrera,111,Reach generation body,1,1633825828
165,Patrick Brown,258,Recognize,3,1614828610
102,Steven Lawson,89,Benefit best,5,1622481006
280,Erin Lane,433,Reach wall only,2,1640909726
258,Michael Hansen,198,College camera fill,5,1622980314
138,Adam Carrillo,282,Million Mr behind,2,1624899792
163,Thomas Odonnell,200,Say and let,1,1623564156
111,Samuel Nunez,99,Certainly special relationship,5,1638129238
102,Steven Lawson,27,Talk accept within,4,1626319820
17,Randy Gonzalez,89,Benefit best,4,1619206446
268,Kylie Tyler,146,Traditional sea central late,4,1614798746
182,Christina Jones,182,Enter main cover,4,1630939314
24,Shannon Guerrero,257,Also yard,4,1635861907
29,Amber Thomas,189,Avoid myself,2,1636204013
171,Dana Howard,240,Institution hundred old,5,1627523572
228,Madeline Durham,359,Question window,1,1616527372
188,Amber Michael,387,Box respond dinner,4,1621383102
230,John Miller,196,Hour party,4,1620963115
119,Michael Perez,297,Religious look better interest,1,1636376471
156,Mrs. Ann Luna,165,Team Republican,1,1623323772
272,Todd Conley,307,Record magazine,4,1637013366
175,Ryan Schneider,271,Coach cold,2,1615970024
104,Zoe Scott,8,Development away,1,1623475450
92,Jonathan Gonzales,38,Enjoy,5,1619430786
186,Kevin Soto,114,Discuss right ready,5,1623091325
283,Carrie Pacheco,339,Mean before response,2,1615265002
181,Angela Myers,56,Look low,3,1609810057
170,Joseph Gonzalez,431,Choice catch,2,1632039360
187,David Lee,474,Floor since push,4,1615381040
175,Ryan Schneider,359,Question window,3,1639818619
222,Catherine Hernandez,138,Reduce new performance,4,1638059705
233,Emily Dunn,102,Defense defense,5,1616691916
162,Robert Mcpherson,334,Rather two wife,1,1630883405
134,Jeffrey Jones,177,Detail including south,4,1617361888
224,Connie Sullivan,169,Situation choose,5,1634702209
153,Sean Alvarez MD,339,Mean before response,2,1625052865
33,Robert Bender,286,Growth than,4,1616745062
55,James Scott,261,Generation difficult support before,5,1619301480
7,Jessica Williams,375,Husband picture,1,1634052983
244,Alexandra Cooper,223,Watch crime them,4,1619152670
126,Joshua Williams,199,Question season information,5,1626948931
12,Jack Flores,211,Training most,4,1635003361
16,Robert Dunn,287,Simply,1,1619508434
208,Nicholas Nelson,180,Middle believe speech,4,1634731769
43,Angela Thornton,250,Few their,4,1640195364
135,Deborah Brown,231,Again sport,5,1622637256
228,Madeline Durham,472,Best nice off,3,1632405527
111,Samuel Nunez,482,Practice truth seat the,4,1623036876
160,Jose Hamilton,23,Technology win,3,1611857707
264,Daniel Green,48,Indicate industry contain,2,1636021213
225,Cameron Perez,109,Usually meeting each bed,4,1619761746
217,Barbara Mckenzie,296,Fish we,3,1638531368
45,Brittany Moses,6,Such authority,2,1637025737
214,Evan Ramos,38,Enjoy,5,1616490674
59,Michael Mata,169,Situation choose,4,1613624105
132,Raven Williams,356,Whether interview drug,5,1615944555
104,Zoe Scott,283,Congress option,2,1618796749
195,Eric Guzman,203,Girl,5,1610266151
157,Adam Arnold,325,State nearly,5,1637516591
98,Christian Carr,313,Assume tonight,1,1614689107
226,Kelly Montgomery,273,Watch vote,2,1620737027
205,Nicole Kerr,244,Within history,5,1637610981
79,Karen Delgado,327,Audience single,3,1631321707
124,Lisa Scott,475,Interest main,2,1622414139
218,Rachel Michael DDS,47,Those actually property,1,1634873969
4,Kyle Rios,249,Class young success,4,1624289958
90,Jeffrey Parker,79,Such no,5,1631995652
104,Zoe Scott,110,Live just edge,3,1640627305
119,Michael Perez,13,Identify brother culture,1,1611631327
133,Ruth Ross,395,Station mother,2,1634456325
96,Michael Cohen,380,Size purpose,5,1613714170
143,Ashley Marsh DDS,365,Set pretty,1,1632890893
288,Anna Schultz,90,Week task,1,1635991749
28,Mark Mcdonald,342,Skill measure,3,1625941629
278,Ashley Hansen,348,Relate woman performance,4,1632111309
233,Emily Dunn,280,Method station,4,1622184587
17,Randy Gonzalez,221,Instead way,4,1639404093
59,Michael Mata,73,Car sometimes,2,1625156378
90,Jeffrey Parker,234,Participant imagine final,1,1618734645
199,Kelly Zimmerman,260,Rich head,2,1636179801
26,Holly Hoffman,113,Truth everybody,1,1627874315
25,Donald Stark,46,Take rate,3,1615390343
267,Bradley Bowman,274,Make must improve,3,1630916425
181,Angela Myers,43,Region few,2,1625850511
68,Luke Clark,208,Research school sometimes,2,1621437363
49,Crystal Gutierrez,417,Change technology bed,3,1617421081
175,Ryan Schneider,349,Man leg industry,5,1617344135
52,Chelsey Parker,103,Always represent forward,4,1622361064
102,Steven Lawson,124,Practice room,4,1625221420
216,Christopher Lewis,10,Day light call best,3,1629308124
188,Amber Michael,329,Become career both program,4,1620068691
57,Sarah Miller,187,Project ahead,5,1618201808
47,Carol Jones MD,31,South activity bring coach,5,1611599250
159,Laura Baker MD,156,Peace certain,1,1621672848
174,Emily Day DDS,60,Read return,2,1637853542
242,Robert Doyle,249,Class young success,4,1616290171
282,David Campbell,387,Box respond dinner,5,1638177728
241,Rhonda Harrell,374,Provide control economic,2,1612875898
5,Wendy Mack,439,Speak few report,2,1627757683
84,Aaron Adams,270,Window whether,1,1609820316
248,Diana Wright,442,Science bag another,2,1630251789
54,Michelle Green,217,Particular next,2,1615155728
161,Michael Fox,399,Word never,3,1615169292
226,Kelly Montgomery,2,Pass simple southern,1,1609910620
15,Christine Perry,24,Possible during,1,1620346849
224,Connie Sullivan,206,Walk form magazine election,4,1633145562
61,Benjamin Smith,320,Parent fact,2,1610281790
122,Leah Larson,496,Despite recent,4,1626704621
277,Peter Miller,199,Question season information,5,1640408096
46,Steven Craig,356,Whether interview drug,2,1627410204
294,Hannah Daniels,114,Discuss right ready,5,1639490084
62,Amy Stuart,280,Method station,3,1635665510
86,Joseph Burton,155,During lose image write,2,1610595245
210,Amanda Harrington,165,Team Republican,4,1638349079
78,Danielle Williamson,486,Situation sell blood,4,1621744781
202,Sonya Nguyen,222,Relate service,2,1617327854
223,Andrea Graham,91,Section hair,4,1618206948
222,Catherine Hernandez,167,Finish finish,2,1628360836
3,Sarah Adams,447,Together,1,1624203900
6,Crystal Jensen,207,Much poor paper,4,1621802036
93,Katie Carter,282,Million Mr behind,2,1639765079
8,Hannah Hendrix,65,Party have adult,2,1634165857
235,Victoria Romero,376,Red four significant,4,1611942257
108,Holly Ward,4,Address way thousand,1,1640611934
161,Michael Fox,157,Guess yourself,4,1610261917
209,Hector Morris,249,Class young success,2,1638395579
240,Manuel Carter,257,Also yard,1,1618065783
50,Patricia Campbell,235,Direction phone eye,5,1637243647
11,Renee Hall,306,Argue thing,3,1614726216
156,Mrs. Ann Luna,366,Drive debate,4,1631408602
70,Amanda Walton,470,Nation us half run,2,1629813147
169,Christina Wallace,395,Station mother,1,1632028009
272,Todd Conley,74,Lose none,1,1636161817
68,Luke Clark,187,Project ahead,5,1620488209
252,Chase Conley,62,Which suffer,4,1640032419
48,Laura Knox,337,Safe necessary standard,1,1612885895
184,Tanya Harris,164,Indicate factor,5,1620282513
187,David Lee,56,Look low,2,1634171859
90,Jeffrey Parker,111,Reach generation body,5,1611660601
139,Sherry Kennedy,218,According stop collection,4,1618922236
89,Katelyn Conrad,240,Institution hundred old,5,1633613983
274,William Hartman,21,Book job left,1,1613136220
19,Tyler Franco,141,Right traditional,1,1627784240
154,Brett Park,265,Letter family,3,1612763823
260,Jared Flores,139,Conference discuss why,5,1624768465
108,Holly Ward,459,Figure civil environmental,2,1630222662
285,Tara Hall,70,Recognize occur name fly,4,1614951488
59,Michael Mata,385,As give middle,3,1615757787
125,Anthony Williams,118,College a,5,1626975008
273,Jennifer Atkinson,198,College camera fill,2,1625999921
107,Tracy Riddle,205,Top idea,3,1623750147
299,April Stevens,214,Recent kitchen scientist,1,1613048950
245,Shannon Morrison,56,Look low,4,1634001235
247,Brittney Hoffman,287,Simply,5,1635179892
8,Hannah Hendrix,470,Nation us half run,2,1612194803
141,Sydney Thompson,293,Material,1,1626231971
8,Hannah Hendrix,175,Near heart room,3,1623184888
94,Richard Johnson,347,Research seek,4,1636803294
39,Brenda Mccormick DDS,370,Next wind home,3,1611058533
81,Gary Contreras,500,Economy agent,3,1611359387
187,David Lee,462,Sing age,2,1617804674
84,Aaron Adams,128,Its,1,1624124165
88,Christopher Wright,431,Choice catch,5,1630979244
242,Robert Doyle,378,American practice,2,1638713366
93,Katie Carter,325,State nearly,4,1632813446
86,Joseph Burton,442,Science bag another,3,1628115831
44,Marie Garcia,292,System understand,4,1617492540
137,Cory Mcbride,288,Rich however company,2,1617931107
74,Anna Perkins,226,Civil place finish,2,1631855936
36,Michele Garcia,64,Wife difference hot,5,1619765381
101,Roger Collier,455,Travel method,3,1640318487
156,Mrs. Ann Luna,426,Include here,2,1637415716
255,Samantha Donaldson,48,Indicate industry contain,4,1636333612
171,Dana Howard,202,Stock understand,5,1616347314
216,Christopher Lewis,498,List or admit,4,1625552739
170,Joseph Gonzalez,337,Safe necessary standard,3,1617975653
252,Chase Conley,414,Along human find,5,1624015276
55,James Scott,405,Attention plant yeah,5,1638733886
91,Luis Harper,60,Read return,5,1639527964
278,Ashley Hansen,397,Audience every,1,1628020580
101,Roger Collier,257,Also yard,5,1637361516
155,Joshua Snyder,65,Party have adult,4,1635807327
141,Sydney Thompson,239,Drug end image,4,1637173144
173,Michele Simmons,289,Total company water,3,1618477833
10,Michael Nelson,38,Enjoy,2,1621486370
228,Madeline Durham,25,Happy hear,2,1614880822
265,Laura King,410,White door turn,1,1629518488
248,Diana Wright,461,Event strong summer,5,1613522650
247,Brittney Hoffman,59,Far carry until,1,1613225644
155,Joshua Snyder,476,Good property,3,1609758815
34,James Davis,417,Change technology bed,3,1639916666
129,Heather Griffin,357,Population before next west,2,1637661195
160,Jose Hamilton,383,So various,3,1615916035
89,Katelyn Conrad,297,Religious look better interest,5,1633301353
93,Katie Carter,158,Southern door,4,1620941145
241,Rhonda Harrell,57,Leave statement,3,1618521154
117,Christopher Simmons,433,Reach wall only,1,1618194576
94,Richard Johnson,48,Indicate industry contain,5,1609791944
163,Thomas Odonnell,328,Part,3,1636572124
99,Brittany Johnson,433,Reach wall only,3,1610101824
113,Diamond White,431,Choice catch,5,1629891153
91,Luis Harper,56,Look low,3,1625504872
206,Yvonne Diaz MD,65,Party have adult,4,1631435956
17,Randy Gonzalez,268,Middle turn,2,1612747603
274,William Hartman,69,Impact nothing,5,1624469432
173,Michele Simmons,216,Hit story,1,1618987112
116,Samantha Liu,390,Impact century,3,1614468833
181,Angela Myers,89,Benefit best,2,1620619122
91,Luis Harper,449,Material television,1,1609606683
82,Brianna Hall,281,Market response,1,1636782575
114,Kyle Gonzalez,257,Also yard,4,1611782626
257,Jason Hill,160,Parent draw major,2,1611007503
58,Jacqueline Aguilar,490,To modern,5,1613714196
154,Brett Park,234,Participant imagine final,2,1624065868
116,Samantha Liu,131,Pull certain professional,2,1619564514
266,Joe Mora,49,Stage,1,1615824169
203,Craig King,147,Strong employee thousand,4,1611462709
41,Carrie Tucker,316,Line concern,4,1616241439
105,Brandon Cunningham,491,Reduce place thousand,2,1640255089
193,Ms. Jennifer Jones DVM,413,Matter agreement,2,1640320549
278,Ashley Hansen,434,Southern imagine,3,1624340421
237,Wyatt Case,2,Pass simple southern,1,1622979953
221,Jean Braun,329,Become career both program,5,1614008549
68,Luke Clark,440,Report consider,5,1640609445
197,Briana Wright,145,About production,4,1635393717
256,Andre Owen,444,Nation road it,1,1640023483
139,Sherry Kennedy,366,Drive debate,4,1639403212
149,Tommy Stephens,420,Subject red red,5,1636792685
99,Brittany Johnson,61,Point treatment,2,1624671988
76,Susan Cannon,273,Watch vote,1,1622052198
282,David Campbell,49,Stage,1,1614654284
109,Mary Young,332,Left good,3,1637075374
188,Amber Michael,444,Nation road it,2,1638183819
199,Kelly Zimmerman,404,Agent address,2,1637548340
154,Brett Park,434,Southern imagine,4,1639734688
40,Shawn Estrada,131,Pull certain professional,1,1613513115
133,Ruth Ross,43,Region few,4,1621250680
132,Raven Williams,57,Leave statement,2,1611782914
279,Cristina Gonzalez,50,Imagine raise before,3,1633578193
84,Aaron Adams,452,Out own wonder,1,1635424153
242,Robert Doyle,465,Office likely purpose,2,1618333493
116,Samantha Liu,178,During learn threat,3,1612608807
109,Mary Young,293,Material,5,1609675969
221,Jean Braun,46,Take rate,2,1620618819
41,Carrie Tucker,170,But perform body,5,1637465713
147,Jacob Miller,271,Coach cold,4,1625878235
112,Stephanie Nichols,417,Change technology bed,5,1630318299
103,Christopher Santiago,336,Kid fire,2,1628146648
46,Steven Craig,139,Conference discuss why,5,1612980441
271,Cynthia Hall,247,Beat too this,1,1633915116
195,Eric Guzman,148,Individual turn dog,2,1619247534
280,Erin Lane,230,Couple spend,3,1627060097
283,Carrie Pacheco,280,Method station,5,1624556329
40,Shawn Estrada,125,Necessary,1,1620961697
189,Rebekah Hunt,192,Side future nor,4,1621226236
164,Kara Ramirez,374,Provide control economic,4,1624430484
24,Shannon Guerrero,80,Sister down civil,5,1633253355
24,Shannon Guerrero,94,Between attention others,4,1618536292
4,Kyle Rios,226,Civil place finish,3,1620616107
290,Sonia Ward,65,Party have adult,2,1634416342
181,Angela Myers,88,Huge fill eye,1,1639167456
248,Diana Wright,88,Huge fill eye,5,1623161723
116,Samantha Liu,201,Family campaign hour,4,1635677441
279,Cristina Gonzalez,214,Recent kitchen scientist,2,1635980634
69,Dawn Tyler,204,About ever consumer,3,1636063471
254,Michael Johnson,401,Manager senior factor,4,1610008890
181,Angela Myers,382,Trouble source,4,1623866069
169,Christina Wallace,89,Benefit best,1,1614027361
249,Michaela Anderson,476,Good property,3,1635631119
188,Amber Michael,61,Point treatment,3,1631846803
54,Michelle Green,271,Coach cold,5,1628006553
138,Adam Carrillo,94,Between attention others,1,1626334223
168,Kevin Weeks,307,Record magazine,5,1622851781
103,Christopher Santiago,27,Talk accept within,1,1625361900
85,Eric Jones,214,Recent kitchen scientist,3,1627772011
212,Suzanne Petty,74,Lose none,1,1632735254
3,Sarah Adams,61,Point treatment,1,1632921641
179,Jerry Wells,186,Road inside,1,1626905636
38,Omar Ford,31,South activity bring coach,2,1626851143
239,Justin Stephens,219,Example security,2,1635942789
169,Christina Wallace,12,Writer role then,3,1620282020
30,William Mathis,302,Visit note here,1,1638875763
190,Amber Hunter,415,Type world,3,1624237717
25,Donald Stark,32,Station risk although,2,1634132997
112,Stephanie Nichols,160,Parent draw major,1,1633822197
206,Yvonne Diaz MD,489,Amount anything tree,5,1621989919
185,Emily Baker,237,Room situation,2,1633048720
47,Carol Jones MD,227,Analysis tree their,2,1614704933
228,Madeline Durham,181,Bad all space,2,1615302032
39,Brenda Mccormick DDS,317,Sign,1,1622152996
16,Robert Dunn,46,Take rate,4,1634673046
22,Christopher Johnson,341,Local letter especially,5,1617195184
213,Randy Miller,458,Talk,5,1624435132
149,Tommy Stephens,80,Sister down civil,3,1622839984
241,Rhonda Harrell,135,Brother,1,1621850684
272,Todd Conley,260,Rich head,2,1618271308
59,Michael Mata,475,Interest main,4,1629489055
287,Sarah Erickson,308,Positive help base,1,1623495550
202,Sonya Nguyen,247,Beat too this,1,1613082709
32,Nicole Fischer,473,Cover party,4,1624224958
162,Robert Mcpherson,159,Fine option,2,1618255366
255,Samantha Donaldson,203,Girl,1,1640364437
254,Michael Johnson,112,Once,5,1630103124
9,Daniel Johnson,468,Too pull,5,1618043141
139,Sherry Kennedy,292,System understand,4,1635932604
10,Michael Nelson,438,Rule rest Democrat,2,1612602253
214,Evan Ramos,310,Mouth,4,1630825871
273,Jennifer Atkinson,119,Site media operation,1,1639308546
48,Laura Knox,383,So various,5,1624050568
111,Samuel Nunez,17,Station ask,3,1621723694
153,Sean Alvarez MD,493,Pm director PM,4,1628279636
123,Cynthia Howell,331,If radio range,3,1626147825
102,Steven Lawson,414,Along human find,3,1619902557
241,Rhonda Harrell,227,Analysis tree their,5,1615342557
191,Stephanie Harrison,361,Difference season lead cover,4,1615844859
217,Barbara Mckenzie,486,Situation sell blood,3,1610694569
51,Jason Martinez,406,Over act,1,1631449001
292,Yvette Rice,117,Pattern suddenly,2,1635938582
81,Gary Contreras,43,Region few,2,1619587074
88,Christopher Wright,368,Turn wear,5,1634572928
194,Linda Lowery,115,Position well defense,4,1636300098
104,Zoe Scott,283,Congress option,4,1621883108
271,Cynthia Hall,37,Doctor day too,2,1614802246
96,Michael Cohen,302,Visit note here,1,1637545602
198,Lindsey Wu,113,Truth everybody,2,1628032227
1,Robert Humphrey,35,Perform company,2,1628363952
167,Dr. Richard Mccormick DVM,132,Situation almost use,4,1639126850
126,Joshua Williams,336,Kid fire,3,1610877238
81,Gary Contreras,336,Kid fire,1,1639245187
251,Erik Jones,469,Hair free north,4,1624549406
169,Christina Wallace,410,White door turn,2,1637809729
73,Karen Arnold,377,Subject however guess,3,1634611405
141,Sydney Thompson,228,Discuss manage house,1,1639891556
70,Amanda Walton,147,Strong employee thousand,5,1634295103
262,Scott Henson,122,Administration food check,1,1625198110
245,Shannon Morrison,81,Body size,1,1623697780
3,Sarah Adams,173,Create especially include,2,1626272833
63,David English,154,Write administration,2,1622169502
49,Crystal Gutierrez,150,Campaign court,5,1637162286
76,Susan Cannon,375,Husband picture,5,1637302506
175,Ryan Schneider,58,Forward husband model,5,1637047573
109,Mary Young,63,Matter speak price political,4,1627464905
183,Anita Johnson,156,Peace certain,4,1630745587
192,Brandi Sanchez,449,Material television,2,1632679261
65,Kristin Harding,428,Paper adult well determine,2,1633500384
271,Cynthia Hall,356,Whether interview drug,5,1638462546
100,Miranda Watson,427,Usually speech enter,4,1639520813
32,Nicole Fischer,421,Number after stop,3,1617011288
128,Lisa Jones,322,So later,4,1612942521
43,Angela Thornton,401,Manager senior factor,2,1620674422
78,Danielle Williamson,168,Age evening,4,1633281212
289,Cory Contreras,166,Yeah inside year,2,1627366133
270,Brenda Gray,85,Walk,5,1629906989
162,Robert Mcpherson,445,Sometimes,5,1635519232
189,Rebekah Hunt,137,Bring money grow,5,1634014047
247,Brittney Hoffman,461,Event strong summer,3,1615101336
216,Christopher Lewis,459,Figure civil environmental,3,1622088764
168,Kevin Weeks,189,Avoid myself,2,1628301928
193,Ms. Jennifer Jones DVM,464,Other,1,1622158160
283,Carrie Pacheco,400,Speak able list,3,1630491661
13,Jason Herrera,379,Next speech,2,1614527276
240,Manuel Carter,2,Pass simple southern,4,1636010572
147,Jacob Miller,106,Cold various,5,1631640742
204,Krista Gregory,364,Reality plant,5,1628680257
80,Alice Jones,72,Executive course follow,5,1614026271
43,Angela Thornton,427,Usually speech enter,2,1632046175
89,Katelyn Conrad,126,Agreement partner,5,1614046777
148,Micheal Gomez,170,But perform body,3,1613515367
95,Chase Morton,205,Top idea,4,1625130807
151,Justin Hernandez,313,Assume tonight,5,1628060888
2,Rebecca Casey,337,Safe necessary standard,2,1628660290
22,Christopher Johnson,487,Black purpose remember,4,1632374225
7,Jessica Williams,472,Best nice off,5,1624289457
206,Yvonne Diaz MD,195,Mouth its,1,1627020534
114,Kyle Gonzalez,158,Southern door,5,1624765733
272,Todd Conley,500,Economy agent,3,1640460010
83,Angela Bryant,141,Right traditional,4,1624359042
179,Jerry Wells,275,Receive scene leader,3,1634079343
210,Amanda Harrington,7,Its my,1,1612462980
124,Lisa Scott,393,However ready,1,1631742871
113,Diamond White,467,Agent this,3,1638224437
12,Jack Flores,493,Pm director PM,4,1639274785
126,Joshua Williams,54,Place population order,1,1639782126
53,Brittney Small PhD,104,Address south town information,1,1631055087
283,Carrie Pacheco,342,Skill measure,5,1635404582
140,Michael Thomas,338,Result it less eye,2,1639036527
97,Douglas Trujillo,61,Point treatment,1,1625592407
5,Wendy Mack,87,Send design,4,1626924259
57,Sarah Miller,258,Recognize,4,1610801115
69,Dawn Tyler,178,During learn threat,5,1625956143
118,John Johnston,242,International not foreign,4,1614433072
59,Michael Mata,203,Girl,5,1618605857
33,Robert Bender,31,South activity bring coach,1,1638973135
50,Patricia Campbell,289,Total company water,1,1624678755
19,Tyler Franco,462,Sing age,1,1631745414
214,Evan Ramos,80,Sister down civil,1,1628568849
197,Briana Wright,11,Open who between,2,1636710469
47,Carol Jones MD,417,Change technology bed,2,1630795633
167,Dr. Richard Mccormick DVM,254,Page,1,1640477414
289,Cory Contreras,384,Institution half small,4,1610416417
141,Sydney Thompson,391,Maybe,5,1616253234
84,Aaron Adams,384,Institution half small,3,1630162280
182,Christina Jones,287,Simply,5,1640929116
79,Karen Delgado,176,Of need,3,1627582206
215,Jamie Holland,126,Agreement partner,3,1615517635
14,Jon Orr,494,Occur almost us,1,1625833101
215,Jamie Holland,47,Those actually property,3,1617748548
128,Lisa Jones,206,Walk form magazine election,1,1611978328
248,Diana Wright,476,Good property,2,1635154278
29,Amber Thomas,437,Floor,4,1637489287
280,Erin Lane,107,Recent among pick laugh,3,1616655502
202,Sonya Nguyen,464,Other,4,1610853882
57,Sarah Miller,275,Receive scene leader,1,1610063186
218,Rachel Michael DDS,337,Safe necessary standard,3,1623499962
62,Amy Stuart,123,Film those feeling,5,1633093642
157,Adam Arnold,474,Floor since push,2,1628573843
202,Sonya Nguyen,134,Young interest,2,1618899382
17,Randy Gonzalez,107,Recent among pick laugh,3,1637893411
6,Crystal Jensen,305,Own weight direction,2,1625249105
58,Jacqueline Aguilar,329,Become career both program,5,1610356665
169,Christina Wallace,50,Imagine raise before,4,1618884133
82,Brianna Hall,337,Safe necessary standard,5,1634790744
219,Michael Thornton,95,Maybe wait protect,2,1618712273
177,Kevin Martinez,268,Middle turn,4,1627947879
204,Krista Gregory,23,Technology win,5,1631321152
71,Emily Long,54,Place population order,1,1636332032
266,Joe Mora,374,Provide control economic,1,1626641650
98,Christian Carr,254,Page,4,1619949436
291,Tina Edwards,453,Cut four,4,1620971835
208,Nicholas Nelson,235,Direction phone eye,4,1628953624
2,Rebecca Casey,484,Particularly sense collection protect,1,1623249242
124,Lisa Scott,59,Far carry until,5,1630140297
280,Erin Lane,164,Indicate factor,4,1615944241
74,Anna Perkins,259,Can fly,1,1613870987
166,Gregory Lin,314,Civil boy cell,4,1610261851
22,Christopher Johnson,216,Hit story,4,1623383280
154,Brett Park,183,Seem area,4,1614126623
295,Cynthia Butler,57,Leave statement,1,1621411872
219,Michael Thornton,145,About production,5,1627029703
157,Adam Arnold,423,Strategy authority through,1,1627734761
230,John Miller,90,Week task,1,1628795417
20,Emily Casey,452,Out own wonder,4,1610683433
41,Carrie Tucker,311,Military control fly state,3,1634579377
148,Micheal Gomez,45,Capital prove,3,1637378620
108,Holly Ward,460,Compare arrive member,3,1629481000
84,Aaron Adams,257,Also yard,1,1613806520
290,Sonia Ward,21,Book job left,4,1625090689
134,Jeffrey Jones,467,Agent this,3,1625249122
207,Richard Thomas,21,Book job left,2,1631566689
283,Carrie Pacheco,52,Shake until,2,1610165957
266,Joe Mora,338,Result it less eye,2,1638424862
73,Karen Arnold,171,Loss,5,1639361686
48,Laura Knox,436,Send test enough,4,1617509579
233,Emily Dunn,67,Figure born treatment,1,1612327093
100,Miranda Watson,113,Truth everybody,1,1628390258
59,Michael Mata,300,Blood skill name,4,1618593179
258,Michael Hansen,160,Parent draw major,5,1635210446
65,Kristin Harding,266,Five first group hear,4,1616273042
83,Angela Bryant,320,Parent fact,5,1638644939
154,Brett Park,232,In population,3,1625556977
266,Joe Mora,463,True American course,3,1624591919
79,Karen Delgado,325,State nearly,5,1611849985
150,Denise Cook,68,Great season space,4,1639891082
48,Laura Knox,28,Outside since full,3,1613470379
248,Diana Wright,437,Floor,4,1627463866
278,Ashley Hansen,116,Window suddenly,3,1634342271
98,Christian Carr,51,Most and,4,1639930682
25,Donald Stark,181,Bad all space,4,1615939447
284,Crystal Jackson,260,Rich head,2,1635576101
68,Luke Clark,79,Such no,5,1611983256
7,Jessica Williams,273,Watch vote,1,1631066474
137,Cory Mcbride,108,Indeed task,5,1630549012
164,Kara Ramirez,451,Relate leader,4,1640882473
83,Angela Bryant,74,Lose none,4,1623976867
138,Adam Carrillo,175,Near heart room,5,1618084232
73,Karen Arnold,490,To modern,4,1609505675
237,Wyatt Case,184,Challenge second,3,1633889289
46,Steven Craig,23,Technology win,4,1624042170
106,Joshua Soto,274,Make must improve,5,1614862829
288,Anna Schultz,129,Center practice involve,5,1610458244
262,Scott Henson,291,Sit serve majority,5,1636732448
176,Kathy Cantrell,320,Parent fact,2,1625062980
166,Gregory Lin,186,Road inside,2,1638578255
145,Charlotte Gordon,479,Through resource,2,1613762148
283,Carrie Pacheco,59,Far carry until,2,1622248420
54,Michelle Green,492,Computer within,2,1616632604
178,Charles Smith,1,Area together show,2,1633724817
244,Alexandra Cooper,131,Pull certain professional,2,1625895132
127,William Shaw,67,Figure born treatment,5,1636960133
271,Cynthia Hall,293,Material,1,1630356532
132,Raven Williams,467,Agent this,2,1622463953
93,Katie Carter,285,Term again pay quickly,5,1613158047
73,Karen Arnold,89,Benefit best,1,1634351483
248,Diana Wright,417,Change technology bed,2,1609839657
273,Jennifer Atkinson,100,Least outside five mother,1,1632127534
43,Angela Thornton,189,Avoid myself,1,1616200350
41,Carrie Tucker,477,Option,3,1617124285
170,Joseph Gonzalez,378,American practice,4,1620760759
212,Suzanne Petty,346,Society former sense,3,1620646133
168,Kevin Weeks,388,Argue during,1,1619390474
39,Brenda Mccormick DDS,241,Safe effort himself whether,5,1639363737
245,Shannon Morrison,270,Window whether,2,1629679835
151,Justin Hernandez,498,List or admit,4,1637047962
111,Samuel Nunez,219,Example security,2,1623377746
47,Carol Jones MD,417,Change technology bed,5,1616129464
63,David English,406,Over act,4,1616253804
225,Cameron Perez,176,Of need,3,1637394714
69,Dawn Tyler,387,Box respond dinner,1,1609526458
299,April Stevens,471,Personal suddenly,5,1625922621
290,Sonia Ward,341,Local letter especially,1,1623151251
296,Blake Griffin,233,Hard Democrat fish,1,1628514690
203,Craig King,151,Food agent should,2,1614502543
61,Benjamin Smith,452,Out own wonder,5,1611621990
161,Michael Fox,277,Bad dog image,1,1630261547
16,Robert Dunn,229,Material add,3,1636456028
94,Richard Johnson,171,Loss,4,1633982926
138,Adam Carrillo,223,Watch crime them,5,1640268573
38,Omar Ford,213,Appear spring address,2,1622805415
127,William Shaw,282,Million Mr behind,5,1616653808
275,Wendy Fox,41,Us nature city,2,1628149184
164,Kara Ramirez,122,Administration food check,4,1631354396
77,Sharon Nicholson,227,Analysis tree their,3,1610263550
174,Emily Day DDS,294,Marriage kind,1,1623449959
91,Luis Harper,88,Huge fill eye,5,1631099757
238,Amanda Bradley,267,Argue onto,2,1617203487
264,Daniel Green,489,Amount anything tree,4,1630196361
179,Jerry Wells,29,Seek bill,1,1633648690
209,Hector Morris,495,Near suffer loss,4,1619301255
73,Karen Arnold,247,Beat too this,3,1632757682
107,Tracy Riddle,316,Line concern,1,1640964387
295,Cynthia Butler,451,Relate leader,1,1634372329
284,Crystal Jackson,449,Material television,1,1623901750
182,Christina Jones,244,Within history,2,1637058978
37,Jennifer Dudley,61,Point treatment,1,1617894179
137,Cory Mcbride,147,Strong employee thousand,4,1639747823
56,Laura Sanders,174,Guess window,2,1635174199
187,David Lee,433,Reach wall only,1,1635163171
258,Michael Hansen,278,Far here free,4,1631371864
58,Jacqueline Aguilar,334,Rather two wife,4,1612915411
123,Cynthia Howell,369,Memory past,5,1614137788
188,Amber Michael,441,Democrat stop mouth,4,1626734397
230,John Miller,379,Next speech,3,1640365420
168,Kevin Weeks,142,None per,1,1630927092
114,Kyle Gonzalez,44,Approach career,1,1640656848
252,Chase Conley,144,Evidence energy,1,1610326614
107,Tracy Riddle,353,Wonder scientist statement,4,1627044760
37,Jennifer Dudley,333,Total check,4,1618492735
92,Jonathan Gonzales,486,Situation sell blood,1,1618014395
18,Ryan Barton,497,Truth character,2,1632936504
63,David English,396,Perform,2,1636405470
150,Denise Cook,55,Out outside move,3,1617177157
139,Sherry Kennedy,307,Record magazine,5,1618022655
186,Kevin Soto,358,Avoid product,3,1609823411
185,Emily Baker,423,Strategy authority through,1,1638286007
205,Nicole Kerr,417,Change technology bed,1,1621517502
260,Jared Flores,161,Collection,1,1629656515
214,Evan Ramos,285,Term again pay quickly,5,1636079847
256,Andre Owen,325,State nearly,4,1634864915
135,Deborah Brown,198,College camera fill,5,1633347304
61,Benjamin Smith,159,Fine option,3,1633365557
88,Christopher Wright,80,Sister down civil,4,1639454464
207,Richard Thomas,31,South activity bring coach,4,1619226092
129,Heather Griffin,473,Cover party,3,1626881625
3,Sarah Adams,112,Once,4,1626070241
242,Robert Doyle,46,Take rate,2,1621378294
121,Alyssa Patel,353,Wonder scientist statement,3,1627434377
102,Steven Lawson,205,Top idea,3,1624384662
38,Omar Ford,52,Shake until,2,1611893682
133,Ruth Ross,138,Reduce new performance,5,1615973488
202,Sonya Nguyen,472,Best nice off,5,1615153047
21,Ariel Ellis,74,Lose none,5,1631793932
242,Robert Doyle,41,Us nature city,4,1619188892
109,Mary Young,479,Through resource,2,1636085177
84,Aaron Adams,77,All consumer,3,1620537197
83,Angela Bryant,387,Box respond dinner,3,1619002714
291,Tina Edwards,187,Project ahead,3,1610932062
69,Dawn Tyler,370,Next wind home,4,1635777322
129,Heather Griffin,52,Shake until,4,1617477001
196,Michelle Taylor,418,Market together kitchen,5,1615780510
140,Michael Thomas,433,Reach wall only,4,1610604518
283,Carrie Pacheco,412,Apply capital school,5,1610103113
234,Diane Powell,467,Agent this,5,1640421847
23,Joshua Mccoy,87,Send design,3,1613532384
153,Sean Alvarez MD,109,Usually meeting each bed,4,1622471693
277,Peter Miller,480,Prove although audience,5,1623567202
61,Benjamin Smith,397,Audience every,2,1637574764
52,Chelsey Parker,225,Little husband,2,1631709601
153,Sean Alvarez MD,482,Practice truth seat the,4,1630551952
237,Wyatt Case,481,Whom quite involve,3,1624851348
32,Nicole Fischer,248,School,3,1624416863
55,James Scott,69,Impact nothing,5,1639562434
36,Michele Garcia,120,Task card,4,1625104441
110,David Torres,67,Figure born treatment,2,1627941326
177,Kevin Martinez,61,Point treatment,5,1618646919
295,Cynthia Butler,444,Nation road it,5,1610700639
97,Douglas Trujillo,327,Audience single,1,1619972389
213,Randy Miller,408,Only although boy,4,1634905241
137,Cory Mcbride,191,Much certainly bed forget,5,1626830911
6,Crystal Jensen,470,Nation us half run,2,1615781021
109,Mary Young,493,Pm director PM,1,1617314056
35,Mrs. Mary Rodriguez,189,Avoid myself,2,1616724088
39,Brenda Mccormick DDS,151,Food agent should,3,1622809375
150,Denise Cook,286,Growth than,1,1627789322
118,John Johnston,444,Nation road it,1,1629194453
261,Albert Lopez,402,Point book specific set,5,1632634529
87,Elizabeth Moore,96,Lot professor establish,3,1639875688
76,Susan Cannon,312,Safe city,5,1610882449
214,Evan Ramos,309,Require world late,4,1623058578
285,Tara Hall,263,Program hope,2,1637900981
239,Justin Stephens,97,Soldier,2,1623322961
165,Patrick Brown,453,Cut four,5,1630682148
87,Elizabeth Moore,113,Truth everybody,2,1612201553
141,Sydney Thompson,476,Good property,2,1620465675
160,Jose Hamilton,125,Necessary,4,1636865539
46,Steven Craig,456,Occur,3,1624616942
112,Stephanie Nichols,463,True American course,1,1618660394
45,Brittany Moses,436,Send test enough,5,1621775770
247,Brittney Hoffman,132,Situation almost use,5,1632291378
104,Zoe Scott,418,Market together kitchen,4,1616255748
85,Eric Jones,453,Cut four,4,1629581957
134,Jeffrey Jones,417,Change technology bed,1,1622275532
108,Holly Ward,121,Mention student,3,1621089366
18,Ryan Barton,197,Full push myself,5,1628631913
94,Richard Johnson,294,Marriage kind,4,1620377655
150,Denise Cook,482,Practice truth seat the,5,1639940824
246,Emily Hensley,122,Administration food check,2,1622255981
289,Cory Contreras,282,Million Mr behind,5,1638738499
209,Hector Morris,385,As give middle,3,1609921011
126,Joshua Williams,260,Rich head,3,1637409270
235,Victoria Romero,39,Maybe kind certain,5,1639563615
122,Leah Larson,54,Place population order,2,1631560747
138,Adam Carrillo,474,Floor since push,3,1632516750
115,Rebecca Smith,161,Collection,4,1632240473
162,Robert Mcpherson,289,Total company water,5,1640242217
201,John Scott,200,Say and let,2,1613753482
234,Diane Powell,276,Heart seat fear,4,1635716168
28,Mark Mcdonald,16,Bank win sort,5,1625960714
11,Renee Hall,405,Attention plant yeah,2,1621307884
206,Yvonne Diaz MD,173,Create especially include,4,1624054938
167,Dr. Richard Mccormick DVM,248,School,3,1628234485
247,Brittney Hoffman,383,So various,5,1618552633
47,Carol Jones MD,218,According stop collection,5,1629079769
246,Emily Hensley,87,Send design,3,1614370247
127,William Shaw,82,Director work,1,1624440060
147,Jacob Miller,62,Which suffer,4,1623567636
118,John Johnston,287,Simply,3,1630514964
152,Brad Hubbard,500,Economy agent,5,1616157255
72,Sarah Olson,42,Young somebody look improve,4,1638134629
137,Cory Mcbride,12,Writer role then,4,1630752953
175,Ryan Schneider,321,Commercial stop hope,1,1624136716
289,Cory Contreras,234,Participant imagine final,5,1631505736
19,Tyler Franco,329,Become career both program,2,1625502427
195,Eric Guzman,131,Pull certain professional,1,1613447685
175,Ryan Schneider,115,Position well defense,1,1635367150
141,Sydney Thompson,218,According stop collection,2,1631181270
246,Emily Hensley,137,Bring money grow,2,1612660847
93,Katie Carter,106,Cold various,1,1632675555
239,Justin Stephens,179,Beat military experience,4,1620139515
205,Nicole Kerr,16,Bank win sort,3,1615117753
48,Laura Knox,472,Best nice off,3,1640795664
245,Shannon Morrison,242,International not foreign,1,1614625864
295,Cynthia Butler,334,Rather two wife,4,1614677515
128,Lisa Jones,381,Out outside PM,2,1629160533
282,David Campbell,387,Box respond dinner,1,1614015474
17,Randy Gonzalez,226,Civil place finish,5,1623713971
71,Emily Long,481,Whom quite involve,4,1625871481
269,Christine Kline,242,International not foreign,5,1628138699
282,David Campbell,408,Only although boy,5,1620863989
7,Jessica Williams,457,Need often,1,1639491141
103,Christopher Santiago,141,Right traditional,4,1613528683
193,Ms. Jennifer Jones DVM,386,Resource about with,5,1610354376
241,Rhonda Harrell,199,Question season information,4,1636741683
62,Amy Stuart,112,Once,3,1626971172
17,Randy Gonzalez,127,Color section,5,1619638388
171,Dana Howard,21,Book job left,5,1635091425
25,Donald Stark,147,Strong employee thousand,4,1623583495
251,Erik Jones,89,Benefit best,3,1640143241
253,Joshua Harper,303,Believe serve important,5,1639309102
207,Richard Thomas,406,Over act,1,1631838632
29,Amber Thomas,203,Girl,4,1631193151
117,Christopher Simmons,417,Change technology bed,4,1626973225
282,David Campbell,416,Movement general,5,1629708330
144,Tonya Lozano,448,Certain light some,3,1622363772
25,Donald Stark,85,Walk,5,1638294920
156,Mrs. Ann Luna,167,Finish finish,2,1613079309
73,Karen Arnold,384,Institution half small,5,1619058148
120,Stephanie Gutierrez,468,Too pull,2,1633384794
93,Katie Carter,72,Executive course follow,1,1622075624
86,Joseph Burton,298,Natural effect citizen effort,4,1630048223
118,John Johnston,485,Pm woman sure,4,1617510019
233,Emily Dunn,9,Cause during,3,1619841537
199,Kelly Zimmerman,281,Market response,5,1635686002
206,Yvonne Diaz MD,473,Cover party,1,1615591392
147,Jacob Miller,481,Whom quite involve,2,1639463380
271,Cynthia Hall,258,Recognize,3,1612220928
139,Sherry Kennedy,275,Receive scene leader,1,1615996395
181,Angela Myers,238,Involve cut,1,1610538826
30,William Mathis,20,Set within beyond,2,1638390848
57,Sarah Miller,490,To modern,2,1630480813
232,Benjamin Pruitt,233,Hard Democrat fish,4,1638824378
146,Christopher Evans,490,To modern,5,1633576394
48,Laura Knox,221,Instead way,3,1631263868
194,Linda Lowery,326,Over true star,5,1624254719
224,Connie Sullivan,17,Station ask,3,1628729222
136,Jennifer Simon,380,Size purpose,1,1622559041
22,Christopher Johnson,89,Benefit best,2,1626808135
6,Crystal Jensen,486,Situation sell blood,2,1638014197
204,Krista Gregory,196,Hour party,1,1627261043
239,Justin Stephens,350,Today pull,1,1622321016
185,Emily Baker,84,Natural opportunity,3,1629328686
292,Yvette Rice,387,Box respond dinner,1,1632151129
220,Laura Williams,87,Send design,3,1613697319
116,Samantha Liu,307,Record magazine,5,1638488572
49,Crystal Gutierrez,338,Result it less eye,2,1633978921
173,Michele Simmons,154,Write administration,2,1611120050
82,Brianna Hall,440,Report consider,2,1628359202
45,Brittany Moses,228,Discuss manage house,5,1617121779
20,Emily Casey,448,Certain light some,5,1612651501
221,Jean Braun,264,Accept,4,1618793960
123,Cynthia Howell,465,Office likely purpose,3,1640615976
234,Diane Powell,223,Watch crime them,3,1638737236
221,Jean Braun,421,Number after stop,4,1636324987
3,Sarah Adams,493,Pm director PM,2,1620398373
182,Christina Jones,121,Mention student,3,1633336263
206,Yvonne Diaz MD,481,Whom quite involve,3,1611570922
40,Shawn Estrada,411,Visit pull then inside,2,1635971167
59,Michael Mata,173,Create especially include,1,1611636615
62,Amy Stuart,4,Address way thousand,1,1633987563
132,Raven Williams,342,Skill measure,4,1611198921
60,Spencer Huffman,128,Its,5,1630543166
122,Leah Larson,474,Floor since push,3,1614371670
107,Tracy Riddle,480,Prove although audience,3,1635468419
96,Michael Cohen,472,Best nice off,4,1636172463
235,Victoria Romero,110,Live just edge,4,1634047539
62,Amy Stuart,355,Yard impact information,3,1630465061
256,Andre Owen,37,Doctor day too,2,1626766301
49,Crystal Gutierrez,480,Prove although audience,2,1637208040
159,Laura Baker MD,71,Similar much investment,5,1623494148
124,Lisa Scott,289,Total company water,3,1612215508
207,Richard Thomas,31,South activity bring coach,3,1610614903
48,Laura Knox,439,Speak few report,3,1610583365
136,Jennifer Simon,381,Out outside PM,3,1628755312
201,John Scott,268,Middle turn,4,1629104848
250,Brenda Collins,11,Open who between,1,1615572479
295,Cynthia Butler,344,Measure also watch movie,3,1622173719
209,Hector Morris,328,Part,1,1638081365
211,Scott Welch PhD,32,Station risk although,2,1637745868
192,Brandi Sanchez,57,Leave statement,5,1609655184
44,Marie Garcia,166,Yeah inside year,2,1623032033
29,Amber Thomas,188,Everybody still,3,1610029273
59,Michael Mata,342,Skill measure,2,1629110994
71,Emily Long,482,Practice truth seat the,4,1621340697
92,Jonathan Gonzales,19,Particular plan,1,1632897787
265,Laura King,116,Window suddenly,3,1611947522
220,Laura Williams,468,Too pull,4,1619390977
215,Jamie Holland,184,Challenge second,1,1609966683
277,Peter Miller,270,Window whether,4,1624599041
64,Cheryl Roberts,33,Movie thing,2,1624825493
292,Yvette Rice,10,Day light call best,3,1639015494
245,Shannon Morrison,80,Sister down civil,2,1638526467
62,Amy Stuart,192,Side future nor,5,1612635120
170,Joseph Gonzalez,320,Parent fact,3,1633776677
269,Christine Kline,190,My feeling,2,1638784358
267,Bradley Bowman,68,Great season space,3,1636677587
54,Michelle Green,475,Interest main,1,1624743493
16,Robert Dunn,348,Relate woman performance,3,1619740360
8,Hannah Hendrix,125,Necessary,3,1611167539
104,Zoe Scott,427,Usually speech enter,1,1612509947
59,Michael Mata,336,Kid fire,2,1640575774
40,Shawn Estrada,59,Far carry until,3,1623047677
237,Wyatt Case,436,Send test enough,4,1619949977
94,Richard Johnson,97,Soldier,3,1635843875
222,Catherine Hernandez,496,Despite recent,2,1639531161
204,Krista Gregory,275,Receive scene leader,1,1626419611
138,Adam Carrillo,149,Us social,2,1609769604
300,Kimberly Lynch,278,Far here free,5,1613699442
207,Richard Thomas,265,Letter family,3,1613842505
81,Gary Contreras,9,Cause during,3,1633661713
218,Rachel Michael DDS,457,Need often,1,1621480718
2,Rebecca Casey,283,Congress option,3,1632369848
178,Charles Smith,273,Watch vote,4,1634793468
279,Cristina Gonzalez,428,Paper adult well determine,4,1611395936
146,Christopher Evans,301,Heavy late each,2,1631139332
224,Connie Sullivan,8,Development away,1,1624416036
62,Amy Stuart,208,Research school sometimes,5,1624524647
294,Hannah Daniels,402,Point book specific set,2,1632506965
239,Justin Stephens,125,Necessary,1,1621137109
195,Eric Guzman,123,Film those feeling,1,1640815539
166,Gregory Lin,33,Movie thing,2,1634451982
222,Catherine Hernandez,1,Area together show,2,1612432144
61,Benjamin Smith,204,About ever consumer,3,1615345714
129,Heather Griffin,6,Such authority,5,1622372604
173,Michele Simmons,297,Religious look better interest,4,1630791212
156,Mrs. Ann Luna,439,Speak few report,3,1638912190
110,David Torres,5,According yard the fact,1,1628579961
269,Christine Kline,443,Explain nature future,5,1621515163
278,Ashley Hansen,80,Sister down civil,5,1639877306
74,Anna Perkins,274,Make must improve,2,1633144021
207,Richard Thomas,177,Detail including south,5,1626161300
279,Cristina Gonzalez,338,Result it less eye,5,1622954665
204,Krista Gregory,321,Commercial stop hope,1,1634808016
161,Michael Fox,339,Mean before response,3,1616012740
28,Mark Mcdonald,438,Rule rest Democrat,5,1618479185
257,Jason Hill,445,Sometimes,2,1629932432
165,Patrick Brown,136,Too best,3,1633404099
63,David English,387,Box respond dinner,2,1626873589
22,Christopher Johnson,25,Happy hear,5,1637444998
70,Amanda Walton,325,State nearly,3,1618831704
96,Michael Cohen,183,Seem area,5,1628077412
163,Thomas Odonnell,168,Age evening,1,1615956007
79,Karen Delgado,467,Agent this,3,1637565607
5,Wendy Mack,338,Result it less eye,2,1629320746
120,Stephanie Gutierrez,178,During learn threat,1,1638011208
178,Charles Smith,373,Beat particularly age sit,4,1611769042
176,Kathy Cantrell,95,Maybe wait protect,2,1618294450
217,Barbara Mckenzie,33,Movie thing,5,1616726984
56,Laura Sanders,111,Reach generation body,2,1611669526
187,David Lee,146,Traditional sea central late,4,1633282142
232,Benjamin Pruitt,381,Out outside PM,2,1613858975
255,Samantha Donaldson,441,Democrat stop mouth,1,1616335603
104,Zoe Scott,231,Again sport,2,1618803102
77,Sharon Nicholson,272,Not,3,1633297936
230,John Miller,336,Kid fire,4,1616894575
258,Michael Hansen,495,Near suffer loss,2,1613513813
264,Daniel Green,38,Enjoy,4,1635733538
182,Christina Jones,425,As piece at,1,1620998685
256,Andre Owen,135,Brother,3,1618410175
38,Omar Ford,334,Rather two wife,5,1618505652
176,Kathy Cantrell,235,Direction phone eye,2,1614626482
27,Mary Ford,437,Floor,1,1619380327
276,Claudia Wells,319,Sense spend,4,1612980388
140,Michael Thomas,368,Turn wear,4,1616061401
299,April Stevens,345,Nice garden,1,1630945401
287,Sarah Erickson,160,Parent draw major,2,1637495429
91,Luis Harper,38,Enjoy,5,1620775201
61,Benjamin Smith,150,Campaign court,2,1610659639
163,Thomas Odonnell,400,Speak able list,3,1628009695
143,Ashley Marsh DDS,308,Positive help base,2,1634782744
253,Joshua Harper,29,Seek bill,3,1620369266
269,Christine Kline,144,Evidence energy,4,1626589196
291,Tina Edwards,76,People nearly body,3,1635279678
187,David Lee,145,About production,5,1612832485
291,Tina Edwards,229,Material add,1,1610609253
86,Joseph Burton,64,Wife difference hot,3,1629245305
166,Gregory Lin,347,Research seek,2,1613846903
114,Kyle Gonzalez,345,Nice garden,3,1612829386
183,Anita Johnson,269,Federal cost management,4,1614426890
207,Richard Thomas,328,Part,3,1629556183
256,Andre Owen,184,Challenge second,5,1630222285
235,Victoria Romero,261,Generation difficult support before,3,1618833260
3,Sarah Adams,268,Middle turn,5,1638999261
208,Nicholas Nelson,169,Situation choose,2,1620586087
197,Briana Wright,259,Can fly,4,1615426158
125,Anthony Williams,227,Analysis tree their,1,1620068267
138,Adam Carrillo,33,Movie thing,2,1628456418
25,Donald Stark,377,Subject however guess,2,1624160212
68,Luke Clark,214,Recent kitchen scientist,1,1611852278
61,Benjamin Smith,50,Imagine raise before,3,1621699652
29,Amber Thomas,440,Report consider,3,1611376997
19,Tyler Franco,492,Computer within,3,1614283009
171,Dana Howard,393,However ready,4,1610215591
74,Anna Perkins,489,Amount anything tree,2,1635873060
61,Benjamin Smith,210,Field small,5,1638795637
153,Sean Alvarez MD,434,Southern imagine,1,1612034096
276,Claudia Wells,29,Seek bill,2,1620929273
48,Laura Knox,39,Maybe kind certain,3,1632666593
211,Scott Welch PhD,347,Research seek,1,1636357962
139,Sherry Kennedy,100,Least outside five mother,5,1628892579
110,David Torres,173,Create especially include,2,1628407882
183,Anita Johnson,17,Station ask,2,1616627400
28,Mark Mcdonald,56,Look low,4,1621194693
197,Briana Wright,226,Civil place finish,2,1609671671
191,Stephanie Harrison,46,Take rate,2,1629131809
51,Jason Martinez,67,Figure born treatment,5,1611483449
149,Tommy Stephens,197,Full push myself,5,1616414318
268,Kylie Tyler,142,None per,1,1611826596
50,Patricia Campbell,323,Feeling front,3,1630105951
246,Emily Hensley,23,Technology win,5,1613993275
113,Diamond White,487,Black purpose remember,1,1628932491
170,Joseph Gonzalez,94,Between attention others,2,1612922092
166,Gregory Lin,242,International not foreign,1,1630960671
14,Jon Orr,237,Room situation,1,1632361168
203,Craig King,445,Sometimes,1,1624626307
288,Anna Schultz,407,Have almost,1,1617499241
189,Rebekah Hunt,411,Visit pull then inside,5,1624972832
155,Joshua Snyder,54,Place population order,3,1618618410
55,James Scott,138,Reduce new performance,1,1638550895
182,Christina Jones,473,Cover party,4,1620837994
210,Amanda Harrington,333,Total check,2,1617359624
75,Richard Walker,272,Not,2,1613000678
277,Peter Miller,41,Us nature city,2,1615556274
133,Ruth Ross,98,Long various indicate,2,1636119261
59,Michael Mata,183,Seem area,2,1635289969
182,Christina Jones,128,Its,1,1631441020
64,Cheryl Roberts,229,Material add,3,1622528275
260,Jared Flores,317,Sign,4,1610213030
193,Ms. Jennifer Jones DVM,86,Car despite,5,1625526422
143,Ashley Marsh DDS,256,Beat conference,4,1636758568
104,Zoe Scott,209,Institution bar,5,1616621355
214,Evan Ramos,215,Base will,5,1631469090
242,Robert Doyle,374,Provide control economic,4,1626398614
209,Hector Morris,100,Least outside five mother,1,1628638197
93,Katie Carter,49,Stage,2,1624643385
142,Brandon Taylor,201,Family campaign hour,1,1613371695
112,Stephanie Nichols,436,Send test enough,2,1620252902
59,Michael Mata,258,Recognize,3,1615425750
43,Angela Thornton,480,Prove although audience,5,1623230777
207,Richard Thomas,376,Red four significant,4,1614334564
268,Kylie Tyler,178,During learn threat,3,1625283286
296,Blake Griffin,245,Remain team,2,1618349478
118,John Johnston,123,Film those feeling,1,1611461787
20,Emily Casey,342,Skill measure,4,1619075135
222,Catherine Hernandez,171,Loss,5,1630654013
166,Gregory Lin,333,Total check,3,1611646290
131,George Smith,136,Too best,5,1615787888
156,Mrs. Ann Luna,59,Far carry until,2,1633278831
184,Tanya Harris,193,Seem time,5,1636156477
90,Jeffrey Parker,465,Office likely purpose,1,1616778845
94,Richard Johnson,268,Middle turn,3,1619313620
13,Jason Herrera,260,Rich head,3,1616634327
293,Nicole Burns MD,373,Beat particularly age sit,1,1609516372
230,John Miller,461,Event strong summer,5,1618207257
292,Yvette Rice,95,Maybe wait protect,1,1620089778
26,Holly Hoffman,125,Necessary,4,1624392312
75,Richard Walker,41,Us nature city,1,1610440241
299,April Stevens,379,Next speech,5,1630959102
150,Denise Cook,254,Page,1,1612673394
148,Micheal Gomez,7,Its my,2,1632364795
8,Hannah Hendrix,471,Personal suddenly,1,1613946403
29,Amber Thomas,216,Hit story,1,1628476192
296,Blake Griffin,69,Impact nothing,5,1628828538
209,Hector Morris,69,Impact nothing,4,1633767011
128,Lisa Jones,81,Body size,4,1636610883
116,Samantha Liu,30,Service especially,5,1636414599
144,Tonya Lozano,73,Car sometimes,5,1636779740
235,Victoria Romero,262,Look sometimes central,5,1610128662
7,Jessica Williams,89,Benefit best,2,1620077893
45,Brittany Moses,403,Myself describe guy financial,3,1619202102
239,Justin Stephens,208,Research school sometimes,1,1615914410
155,Joshua Snyder,213,Appear spring address,5,1637325283
181,Angela Myers,322,So later,5,1629735421
215,Jamie Holland,266,Five first group hear,5,1625433709
88,Christopher Wright,400,Speak able list,4,1612158612
256,Andre Owen,293,Material,5,1640748296
73,Karen Arnold,207,Much poor paper,1,1640588449
179,Jerry Wells,333,Total check,5,1632340154
212,Suzanne Petty,77,All consumer,1,1627202040
293,Nicole Burns MD,288,Rich however company,2,1623653273
234,Diane Powell,493,Pm director PM,3,1627808384
239,Justin Stephens,47,Those actually property,4,1627923427
223,Andrea Graham,110,Live just edge,1,1634109035
119,Michael Perez,200,Say and let,2,1611466628
264,Daniel Green,427,Usually speech enter,3,1636239272
207,Richard Thomas,210,Field small,3,1616089493
95,Chase Morton,376,Red four significant,3,1632229955
222,Catherine Hernandez,420,Subject red red,1,1613424047
276,Claudia Wells,154,Write administration,2,1637442113
231,Janice Bell,10,Day light call best,5,1635995791
119,Michael Perez,415,Type world,2,1626424372
268,Kylie Tyler,353,Wonder scientist statement,2,1620262015
273,Jennifer Atkinson,157,Guess yourself,2,1612420087
64,Cheryl Roberts,261,Generation difficult support before,1,1622518775
298,Jessica Williams,77,All consumer,1,1615582677
11,Renee Hall,257,Also yard,1,1625288170
98,Christian Carr,471,Personal suddenly,2,1631833920
71,Emily Long,488,Discussion board,1,1626411214
58,Jacqueline Aguilar,131,Pull certain professional,3,1616833855
290,Sonia Ward,67,Figure born treatment,1,1630019651
251,Erik Jones,455,Travel method,4,1619150782
276,Claudia Wells,228,Discuss manage house,1,1614916669
50,Patricia Campbell,163,Get dream,1,1614300881
216,Christopher Lewis,15,Trouble ground,1,1638082896
52,Chelsey Parker,232,In population,1,1631812934
271,Cynthia Hall,195,Mouth its,4,1612029809
84,Aaron Adams,349,Man leg industry,5,1611226163
293,Nicole Burns MD,30,Service especially,1,1633242227
126,Joshua Williams,359,Question window,3,1633694665
296,Blake Griffin,338,Result it less eye,4,1637690750
72,Sarah Olson,331,If radio range,5,1624492096
296,Blake Griffin,427,Usually speech enter,1,1617689729
236,Justin Michael,497,Truth character,5,1616341168
56,Laura Sanders,316,Line concern,3,1633077525
110,David Torres,486,Situation sell blood,4,1637800415
192,Brandi Sanchez,296,Fish we,4,1616733596
93,Katie Carter,449,Material television,5,1634728400
56,Laura Sanders,413,Matter agreement,1,1627892555
60,Spencer Huffman,330,Speak than,2,1636583261
138,Adam Carrillo,220,Rise dream fire,4,1637178603
39,Brenda Mccormick DDS,377,Subject however guess,2,1617989789
28,Mark Mcdonald,479,Through resource,4,1623675859
49,Crystal Gutierrez,147,Strong employee thousand,1,1611831209
125,Anthony Williams,259,Can fly,1,1632671558
13,Jason Herrera,292,System understand,4,1626737257
36,Michele Garcia,299,Deep,5,1633412401
101,Roger Collier,143,Seat huge,1,1626257150
282,David Campbell,481,Whom quite involve,1,1627701093
86,Joseph Burton,425,As piece at,3,1617395142
4,Kyle Rios,235,Direction phone eye,1,1629984699
223,Andrea Graham,115,Position well defense,3,1620948592
166,Gregory Lin,365,Set pretty,1,1618254365
278,Ashley Hansen,90,Week task,1,1635188747
130,Crystal Arroyo,208,Research school sometimes,5,1639880880
31,Mr. Jesse Stevens,164,Indicate factor,5,1614648877
11,Renee Hall,481,Whom quite involve,1,1614052010
96,Michael Cohen,84,Natural opportunity,4,1621563636
190,Amber Hunter,77,All consumer,4,1635593056
192,Brandi Sanchez,161,Collection,1,1630358218
266,Joe Mora,5,According yard the fact,4,1628183265
128,Lisa Jones,485,Pm woman sure,1,1622753871
238,Amanda Bradley,78,Difference yet,5,1619338037
112,Stephanie Nichols,91,Section hair,2,1618167859
145,Charlotte Gordon,87,Send design,3,1624260256
65,Kristin Harding,270,Window whether,4,1618716116
247,Brittney Hoffman,104,Address south town information,4,1618289747
223,Andrea Graham,452,Out own wonder,5,1636495687
106,Joshua Soto,487,Black purpose remember,4,1624384434
181,Angela Myers,500,Economy agent,1,1639792665
184,Tanya Harris,339,Mean before response,1,1635959741
226,Kelly Montgomery,175,Near heart room,2,1622108988
265,Laura King,54,Place population order,2,1619530905
278,Ashley Hansen,388,Argue during,2,1640514852
89,Katelyn Conrad,478,Back past which conference,1,1637927837
176,Kathy Cantrell,211,Training most,2,1616832094
18,Ryan Barton,95,Maybe wait protect,2,1636250336
106,Joshua Soto,223,Watch crime them,1,1634057482
271,Cynthia Hall,9,Cause during,5,1631472052
167,Dr. Richard Mccormick DVM,53,Agency happy pay,4,1614092328
13,Jason Herrera,77,All consumer,3,1634447492
32,Nicole Fischer,206,Walk form magazine election,1,1624258113
40,Shawn Estrada,316,Line concern,1,1625039756
148,Micheal Gomez,302,Visit note here,3,1640039870
218,Rachel Michael DDS,310,Mouth,3,1621996241
219,Michael Thornton,330,Speak than,2,1630612441
82,Brianna Hall,112,Once,3,1635735704
208,Nicholas Nelson,351,Heavy shoulder,4,1625395371
201,John Scott,165,Team Republican,4,1622606221
38,Omar Ford,279,South degree,4,1611735364
211,Scott Welch PhD,27,Talk accept within,4,1612070970
249,Michaela Anderson,70,Recognize occur name fly,4,1635107817
227,Amy Day,218,According stop collection,2,1610520243
48,Laura Knox,450,Over our stock catch,1,1619824961
18,Ryan Barton,365,Set pretty,3,1637238083
295,Cynthia Butler,189,Avoid myself,1,1616806923
196,Michelle Taylor,333,Total check,3,1622481866
187,David Lee,435,Lawyer use,2,1611162179
224,Connie Sullivan,306,Argue thing,2,1619051946
229,Olivia Whitney,124,Practice room,5,1615504200
77,Sharon Nicholson,19,Particular plan,5,1634199241
188,Amber Michael,257,Also yard,2,1617898458
270,Brenda Gray,296,Fish we,2,1625857029
95,Chase Morton,416,Movement general,3,1615360526
132,Raven Williams,22,Yet to low,2,1626477097
39,Brenda Mccormick DDS,368,Turn wear,1,1629384734
72,Sarah Olson,477,Option,3,1614610901
281,Daniel Evans,450,Over our stock catch,2,1637114117
160,Jose Hamilton,40,Issue month whom rise,3,1612512032
187,David Lee,38,Enjoy,3,1635741084
191,Stephanie Harrison,48,Indicate industry contain,4,1638683668
120,Stephanie Gutierrez,183,Seem area,5,1633678715
220,Laura Williams,75,Agree history,3,1634855093
53,Brittney Small PhD,209,Institution bar,3,1629277367
222,Catherine Hernandez,183,Seem area,4,1635711731
131,George Smith,435,Lawyer use,2,1610683741
237,Wyatt Case,107,Recent among pick laugh,3,1631753364
246,Emily Hensley,188,Everybody still,4,1619524863
226,Kelly Montgomery,264,Accept,1,1637126243
208,Nicholas Nelson,86,Car despite,4,1628079158
96,Michael Cohen,324,Even young increase from,5,1633750201
200,Christina Martinez,331,If radio range,5,1622811967
247,Brittney Hoffman,456,Occur,2,1625832533
72,Sarah Olson,137,Bring money grow,2,1633581741
185,Emily Baker,346,Society former sense,5,1638086099
6,Crystal Jensen,386,Resource about with,5,1618353173
206,Yvonne Diaz MD,336,Kid fire,3,1612487676
32,Nicole Fischer,95,Maybe wait protect,5,1618702067
99,Brittany Johnson,326,Over true star,2,1612521019
256,Andre Owen,245,Remain team,5,1634244199
187,David Lee,469,Hair free north,2,1628041354
76,Susan Cannon,90,Week task,1,1613370158
177,Kevin Martinez,59,Far carry until,5,1632263326
287,Sarah Erickson,403,Myself describe guy financial,2,1633880562
255,Samantha Donaldson,28,Outside since full,4,1627987175
190,Amber Hunter,72,Executive course follow,3,1631772236
127,William Shaw,270,Window whether,2,1626335761
287,Sarah Erickson,24,Possible during,5,1611410453
254,Michael Johnson,112,Once,5,1626843831
213,Randy Miller,300,Blood skill name,1,1629097104
250,Brenda Collins,485,Pm woman sure,4,1617359909
84,Aaron Adams,56,Look low,2,1623356184
13,Jason Herrera,474,Floor since push,4,1618232095
45,Brittany Moses,223,Watch crime them,1,1626713230
127,William Shaw,120,Task card,3,1624822796
114,Kyle Gonzalez,179,Beat military experience,4,1628999865
276,Claudia Wells,288,Rich however company,1,1631048665
205,Nicole Kerr,434,Southern imagine,2,1636716977
273,Jennifer Atkinson,425,As piece at,3,1631952650
58,Jacqueline Aguilar,450,Over our stock catch,5,1635518732
219,Michael Thornton,281,Market response,1,1615577184
109,Mary Young,372,Certain economy factor,5,1634298289
279,Cristina Gonzalez,492,Computer within,3,1626714980
174,Emily Day DDS,189,Avoid myself,1,1618052389
264,Daniel Green,66,Compare someone assume,1,1635566080
111,Samuel Nunez,298,Natural effect citizen effort,3,1622973734
187,David Lee,449,Material television,2,1617859098
269,Christine Kline,420,Subject red red,1,1639630883
229,Olivia Whitney,249,Class young success,3,1618060799
156,Mrs. Ann Luna,76,People nearly body,4,1638747807
189,Rebekah Hunt,137,Bring money grow,5,1614754216
272,Todd Conley,164,Indicate factor,1,1635606414
2,Rebecca Casey,233,Hard Democrat fish,4,1634742302
246,Emily Hensley,255,Safe spring,1,1628278398
210,Amanda Harrington,476,Good property,2,1640353112
286,Richard Carroll,294,Marriage kind,3,1621955056
13,Jason Herrera,417,Change technology bed,1,1627699635
96,Michael Cohen,170,But perform body,3,1625714385
221,Jean Braun,317,Sign,1,1634240030
238,Amanda Bradley,174,Guess window,2,1616955491
94,Richard Johnson,470,Nation us half run,2,1624874312
269,Christine Kline,345,Nice garden,4,1627698989
171,Dana Howard,445,Sometimes,2,1625838018
94,Richard Johnson,18,I process,3,1615720800
149,Tommy Stephens,70,Recognize occur name fly,2,1630819546
112,Stephanie Nichols,338,Result it less eye,1,1635029244
55,James Scott,116,Window suddenly,2,1637091498
116,Samantha Liu,80,Sister down civil,3,1618691840
143,Ashley Marsh DDS,15,Trouble ground,1,1623247275
201,John Scott,176,Of need,4,1611113016
180,Kristen Fuentes,456,Occur,4,1617264136
202,Sonya Nguyen,269,Federal cost management,4,1617265156
53,Brittney Small PhD,119,Site media operation,1,1628844366
180,Kristen Fuentes,299,Deep,4,1611428465
137,Cory Mcbride,188,Everybody still,2,1614792968
182,Christina Jones,57,Leave statement,1,1614950572
1,Robert Humphrey,199,Question season information,1,1618495707
44,Marie Garcia,17,Station ask,1,1631009484
227,Amy Day,434,Southern imagine,5,1625546263
98,Christian Carr,288,Rich however company,3,1620893676
208,Nicholas Nelson,406,Over act,5,1630522874
265,Laura King,55,Out outside move,5,1616742857
288,Anna Schultz,499,Air event,5,1610630313
271,Cynthia Hall,441,Democrat stop mouth,3,1638474645
140,Michael Thomas,269,Federal cost management,5,1613645414
237,Wyatt Case,303,Believe serve important,4,1624353339
72,Sarah Olson,87,Send design,1,1622391381
155,Joshua Snyder,318,Answer language,1,1614870782
190,Amber Hunter,438,Rule rest Democrat,2,1618833918
268,Kylie Tyler,29,Seek bill,4,1633293476
107,Tracy Riddle,22,Yet to low,3,1627621235
232,Benjamin Pruitt,321,Commercial stop hope,1,1612040358
42,Keith Ross,285,Term again pay quickly,5,1630150739
190,Amber Hunter,48,Indicate industry contain,2,1611966153
139,Sherry Kennedy,5,According yard the fact,2,1638390873
103,Christopher Santiago,250,Few their,1,1631266392
171,Dana Howard,163,Get dream,4,1637523380
273,Jennifer Atkinson,202,Stock understand,2,1640603255
221,Jean Braun,467,Agent this,1,1623555739
213,Randy Miller,101,Us say,4,1610714572
56,Laura Sanders,71,Similar much investment,1,1634998158
102,Steven Lawson,430,Time scientist,1,1636834491
192,Brandi Sanchez,163,Get dream,4,1618855611
200,Christina Martinez,173,Create especially include,4,1634985221
233,Emily Dunn,141,Right traditional,4,1611257995
227,Amy Day,138,Reduce new performance,1,1619569682
139,Sherry Kennedy,66,Compare someone assume,2,1619573727
149,Tommy Stephens,198,College camera fill,3,1622132453
115,Rebecca Smith,328,Part,3,1614762976
63,David English,228,Discuss manage house,1,1617238657
104,Zoe Scott,281,Market response,1,1611589174
156,Mrs. Ann Luna,172,Recognize physical per hold,2,1635301134
273,Jennifer Atkinson,316,Line concern,4,1618736575
6,Crystal Jensen,431,Choice catch,1,1625098851
147,Jacob Miller,40,Issue month whom rise,5,1628718478
184,Tanya Harris,7,Its my,4,1627281865
28,Mark Mcdonald,174,Guess window,1,1636854800
38,Omar Ford,151,Food agent should,5,1622006625
119,Michael Perez,211,Training most,2,1622377587
293,Nicole Burns MD,302,Visit note here,5,1624275607
244,Alexandra Cooper,86,Car despite,1,1632345929
68,Luke Clark,397,Audience every,3,1624991347
214,Evan Ramos,253,Its young,1,1635513373
218,Rachel Michael DDS,21,Book job left,3,1618007874
177,Kevin Martinez,257,Also yard,2,1614991410
299,April Stevens,379,Next speech,2,1627315259
164,Kara Ramirez,403,Myself describe guy financial,4,1615527652
58,Jacqueline Aguilar,381,Out outside PM,4,1617569026
269,Christine Kline,444,Nation road it,3,1618790247
58,Jacqueline Aguilar,33,Movie thing,3,1633346052
288,Anna Schultz,260,Rich head,2,1634190875
105,Brandon Cunningham,234,Participant imagine final,5,1618244861
228,Madeline Durham,3,Usually career rock,3,1629971307
247,Brittney Hoffman,347,Research seek,3,1634071501
188,Amber Michael,308,Positive help base,5,1627478758
83,Angela Bryant,489,Amount anything tree,4,1635027850
186,Kevin Soto,227,Analysis tree their,4,1630638436
252,Chase Conley,284,Western wait,3,1622932679
238,Amanda Bradley,70,Recognize occur name fly,4,1631894859
184,Tanya Harris,454,Respond again education,4,1614211854
284,Crystal Jackson,439,Speak few report,4,1621835090
210,Amanda Harrington,313,Assume tonight,2,1626415919
296,Blake Griffin,364,Reality plant,1,1623163774
97,Douglas Trujillo,471,Personal suddenly,3,1640158253
208,Nicholas Nelson,254,Page,3,1637527067
137,Cory Mcbride,481,Whom quite involve,2,1617566726
184,Tanya Harris,144,Evidence energy,1,1630673127
76,Susan Cannon,24,Possible during,1,1629274822
287,Sarah Erickson,453,Cut four,2,1625429085
142,Brandon Taylor,425,As piece at,5,1621807697
237,Wyatt Case,234,Participant imagine final,5,1622293079
25,Donald Stark,333,Total check,1,1629381509
290,Sonia Ward,175,Near heart room,5,1622867129
67,Andre Santana,332,Left good,5,1612688626
250,Brenda Collins,325,State nearly,5,1640962115
118,John Johnston,357,Population before next west,1,1626968002
73,Karen Arnold,159,Fine option,5,1610012592
282,David Campbell,348,Relate woman performance,3,1610458997
10,Michael Nelson,348,Relate woman performance,1,1613930418
211,Scott Welch PhD,286,Growth than,2,1620204218
152,Brad Hubbard,18,I process,5,1610374382
5,Wendy Mack,44,Approach career,4,1624907257
195,Eric Guzman,155,During lose image write,1,1629242245
283,Carrie Pacheco,355,Yard impact information,2,1631948505
113,Diamond White,410,White door turn,3,1619806827
271,Cynthia Hall,377,Subject however guess,2,1613106482
163,Thomas Odonnell,231,Again sport,5,1634249765
105,Brandon Cunningham,497,Truth character,4,1610562954
181,Angela Myers,371,Participant call final,5,1627118003
44,Marie Garcia,316,Line concern,2,1618392924
282,David Campbell,402,Point book specific set,1,1614457107
175,Ryan Schneider,225,Little husband,4,1640623113
162,Robert Mcpherson,217,Particular next,4,1629836825
140,Michael Thomas,56,Look low,2,1639324207
132,Raven Williams,31,South activity bring coach,5,1624021338
87,Elizabeth Moore,357,Population before next west,2,1632388977
176,Kathy Cantrell,59,Far carry until,4,1616273933
183,Anita Johnson,380,Size purpose,2,1620466787
129,Heather Griffin,386,Resource about with,4,1630083770
246,Emily Hensley,353,Wonder scientist statement,5,1620204555
89,Katelyn Conrad,423,Strategy authority through,1,1615403379
66,Edgar Rowe,445,Sometimes,1,1632542074
158,Mr. Justin Ramos,235,Direction phone eye,2,1627977494
149,Tommy Stephens,107,Recent among pick laugh,4,1610595143
116,Samantha Liu,191,Much certainly bed forget,1,1616333990
214,Evan Ramos,480,Prove although audience,4,1638042745
294,Hannah Daniels,18,I process,5,1628786056
253,Joshua Harper,401,Manager senior factor,2,1635300823
143,Ashley Marsh DDS,226,Civil place finish,4,1625925726
250,Brenda Collins,167,Finish finish,2,1620285976
25,Donald Stark,71,Similar much investment,4,1623650320
277,Peter Miller,362,Market left give,4,1611513769
70,Amanda Walton,54,Place population order,5,1622226460
113,Diamond White,245,Remain team,2,1618246075
112,Stephanie Nichols,483,Available mouth structure,3,1618814786
91,Luis Harper,350,Today pull,4,1614777684
18,Ryan Barton,76,People nearly body,4,1632788280
149,Tommy Stephens,35,Perform company,1,1639753799
227,Amy Day,267,Argue onto,2,1639758605
214,Evan Ramos,317,Sign,3,1611272441
151,Justin Hernandez,300,Blood skill name,5,1625022246
192,Brandi Sanchez,121,Mention student,3,1631680785
40,Shawn Estrada,324,Even young increase from,5,1618937566
242,Robert Doyle,25,Happy hear,3,1622421066
138,Adam Carrillo,432,Door anything appear office,3,1626431077
180,Kristen Fuentes,160,Parent draw major,2,1620935699
200,Christina Martinez,84,Natural opportunity,1,1632249005
203,Craig King,114,Discuss right ready,3,1610965364
61,Benjamin Smith,223,Watch crime them,4,1629433516
192,Brandi Sanchez,388,Argue during,4,1639971331
5,Wendy Mack,166,Yeah inside year,4,1617306963
237,Wyatt Case,191,Much certainly bed forget,1,1634169822
181,Angela Myers,175,Near heart room,3,1635957907
37,Jennifer Dudley,1,Area together show,5,1620709258
56,Laura Sanders,387,Box respond dinner,5,1639537777
237,Wyatt Case,229,Material add,2,1618229568
197,Briana Wright,86,Car despite,1,1626462699
73,Karen Arnold,62,Which suffer,3,1640109457
59,Michael Mata,320,Parent fact,4,1639900838
240,Manuel Carter,401,Manager senior factor,1,1635204907
2,Rebecca Casey,382,Trouble source,1,1629933024
188,Amber Michael,206,Walk form magazine election,3,1632765557
30,William Mathis,105,Military stand,2,1621540863
267,Bradley Bowman,318,Answer language,2,1624072291
108,Holly Ward,291,Sit serve majority,2,1610353937
90,Jeffrey Parker,250,Few their,4,1619247790
205,Nicole Kerr,13,Identify brother culture,4,1635380894
220,Laura Williams,163,Get dream,3,1636588415
94,Richard Johnson,43,Region few,2,1632561890
103,Christopher Santiago,386,Resource about with,3,1633891750
223,Andrea Graham,440,Report consider,2,1609716261
186,Kevin Soto,111,Reach generation body,1,1617197006
184,Tanya Harris,205,Top idea,5,1627579310
162,Robert Mcpherson,384,Institution half small,5,1625021637
247,Brittney Hoffman,256,Beat conference,2,1621167239
31,Mr. Jesse Stevens,307,Record magazine,3,1637707367
52,Chelsey Parker,438,Rule rest Democrat,4,1613494741
76,Susan Cannon,144,Evidence energy,2,1614324416
278,Ashley Hansen,146,Traditional sea central late,2,1618800377
40,Shawn Estrada,391,Maybe,4,1633159692
101,Roger Collier,301,Heavy late each,2,1634496566
111,Samuel Nunez,164,Indicate factor,1,1635446103
249,Michaela Anderson,169,Situation choose,4,1634682964
191,Stephanie Harrison,478,Back past which conference,1,1610639468
182,Christina Jones,298,Natural effect citizen effort,5,1614330755
209,Hector Morris,233,Hard Democrat fish,4,1635780166
22,Christopher Johnson,391,Maybe,4,1612405179
166,Gregory Lin,271,Coach cold,3,1613947962
99,Brittany Johnson,60,Read return,3,1639236044
208,Nicholas Nelson,296,Fish we,4,1637824437
8,Hannah Hendrix,467,Agent this,5,1616398891
190,Amber Hunter,235,Direction phone eye,2,1636524815
175,Ryan Schneider,165,Team Republican,3,1611656581
273,Jennifer Atkinson,194,Especially,5,1627073037
17,Randy Gonzalez,234,Participant imagine final,5,1639175026
90,Jeffrey Parker,368,Turn wear,3,1639887471
141,Sydney Thompson,183,Seem area,2,1610926970
145,Charlotte Gordon,333,Total check,3,1615040313
166,Gregory Lin,232,In population,5,1610124190
78,Danielle Williamson,361,Difference season lead cover,1,1627690211
262,Scott Henson,491,Reduce place thousand,3,1635977188
163,Thomas Odonnell,107,Recent among pick laugh,5,1615836840
14,Jon Orr,378,American practice,3,1625874807
239,Justin Stephens,223,Watch crime them,5,1624111394
72,Sarah Olson,80,Sister down civil,2,1629669109
143,Ashley Marsh DDS,234,Participant imagine final,5,1622743376
283,Carrie Pacheco,381,Out outside PM,4,1632337385
269,Christine Kline,184,Challenge second,1,1617493149
241,Rhonda Harrell,428,Paper adult well determine,5,1613312811
245,Shannon Morrison,185,Born affect later,3,1630774710
163,Thomas Odonnell,134,Young interest,3,1624262673
60,Spencer Huffman,220,Rise dream fire,5,1626258514
6,Crystal Jensen,288,Rich however company,4,1622219086
197,Briana Wright,364,Reality plant,5,1614820582
58,Jacqueline Aguilar,202,Stock understand,2,1628029419
217,Barbara Mckenzie,370,Next wind home,4,1621688149
26,Holly Hoffman,146,Traditional sea central late,5,1619234044
5,Wendy Mack,324,Even young increase from,1,1632259238
20,Emily Casey,127,Color section,4,1612649208
198,Lindsey Wu,457,Need often,5,1639614711
59,Michael Mata,135,Brother,1,1639876021
242,Robert Doyle,114,Discuss right ready,5,1613679483
146,Christopher Evans,264,Accept,2,1622509853
273,Jennifer Atkinson,64,Wife difference hot,3,1613670419
249,Michaela Anderson,491,Reduce place thousand,5,1613974909
14,Jon Orr,135,Brother,4,1623578975
13,Jason Herrera,41,Us nature city,5,1628976681
44,Marie Garcia,296,Fish we,5,1626597462
19,Tyler Franco,3,Usually career rock,5,1638105860
63,David English,401,Manager senior factor,5,1627244337
239,Justin Stephens,194,Especially,4,1632991528
100,Miranda Watson,463,True American course,4,1610805597
163,Thomas Odonnell,110,Live just edge,5,1624644335
122,Leah Larson,221,Instead way,3,1629694118
44,Marie Garcia,370,Next wind home,5,1610429240
145,Charlotte Gordon,368,Turn wear,4,1630963930
50,Patricia Campbell,436,Send test enough,2,1639964600
65,Kristin Harding,406,Over act,5,1637838313
288,Anna Schultz,4,Address way thousand,5,1621268900
164,Kara Ramirez,244,Within history,5,1624054150
141,Sydney Thompson,390,Impact century,5,1615804036
128,Lisa Jones,166,Yeah inside year,1,1639215310
239,Justin Stephens,26,Central goal story class,5,1610198578
296,Blake Griffin,395,Station mother,4,1627930729
187,David Lee,474,Floor since push,4,1639245703
208,Nicholas Nelson,17,Station ask,1,1628606647
220,Laura Williams,216,Hit story,5,1620210888
190,Amber Hunter,92,High same several,3,1620426762
284,Crystal Jackson,483,Available mouth structure,5,1622717693
237,Wyatt Case,31,South activity bring coach,4,1624037371
194,Linda Lowery,205,Top idea,2,1619963029
287,Sarah Erickson,419,Protect,2,1633959777
259,Dawn Walter,400,Speak able list,3,1610543458
246,Emily Hensley,207,Much poor paper,5,1613578700
136,Jennifer Simon,107,Recent among pick laugh,1,1632488330
280,Erin Lane,146,Traditional sea central late,5,1621367227
271,Cynthia Hall,367,Situation model kind,3,1629476447
171,Dana Howard,101,Us say,3,1615615593
159,Laura Baker MD,368,Turn wear,3,1617663482
201,John Scott,318,Answer language,2,1634514062
45,Brittany Moses,368,Turn wear,5,1628706981
264,Daniel Green,241,Safe effort himself whether,5,1639505920
71,Emily Long,489,Amount anything tree,1,1618891821
103,Christopher Santiago,411,Visit pull then inside,3,1624969969
125,Anthony Williams,247,Beat too this,3,1611495767
286,Richard Carroll,163,Get dream,4,1634680234
230,John Miller,372,Certain economy factor,4,1637057511
146,Christopher Evans,173,Create especially include,2,1621809429
197,Briana Wright,35,Perform company,5,1628076034
221,Jean Braun,284,Western wait,1,1630749837
60,Spencer Huffman,359,Question window,1,1617813889
98,Christian Carr,381,Out outside PM,3,1629334076
171,Dana Howard,358,Avoid product,1,1627947935
173,Michele Simmons,393,However ready,3,1635699183
151,Justin Hernandez,460,Compare arrive member,5,1622715173
122,Leah Larson,399,Word never,1,1609728224
108,Holly Ward,21,Book job left,3,1631973165
4,Kyle Rios,308,Positive help base,5,1609548457
93,Katie Carter,163,Get dream,5,1619341445
6,Crystal Jensen,490,To modern,3,1620705832
288,Anna Schultz,97,Soldier,3,1626984166
106,Joshua Soto,307,Record magazine,2,1636834200
146,Christopher Evans,339,Mean before response,5,1631813857
271,Cynthia Hall,55,Out outside move,3,1633055882
96,Michael Cohen,471,Personal suddenly,5,1628353645
229,Olivia Whitney,333,Total check,1,1633657316
202,Sonya Nguyen,127,Color section,4,1638545192
212,Suzanne Petty,428,Paper adult well determine,4,1613256646
6,Crystal Jensen,193,Seem time,3,1614938680
112,Stephanie Nichols,243,Daughter never interesting,3,1612880301
106,Joshua Soto,349,Man leg industry,5,1630766202
139,Sherry Kennedy,88,Huge fill eye,3,1624856303
299,April Stevens,336,Kid fire,5,1623571541
96,Michael Cohen,409,Us free body,3,1614058159
297,Andrew Myers,215,Base will,5,1626141246
214,Evan Ramos,92,High same several,3,1637773350
291,Tina Edwards,303,Believe serve important,2,1620561545
22,Christopher Johnson,464,Other,5,1628206548
193,Ms. Jennifer Jones DVM,235,Direction phone eye,2,1632540613
150,Denise Cook,184,Challenge second,2,1625257200
247,Brittney Hoffman,38,Enjoy,2,1640166336
267,Bradley Bowman,139,Conference discuss why,2,1622174433
251,Erik Jones,195,Mouth its,1,1630584762
3,Sarah Adams,15,Trouble ground,4,1632543437
76,Susan Cannon,257,Also yard,1,1638089891
87,Elizabeth Moore,135,Brother,3,1637461530
270,Brenda Gray,1,Area together show,3,1632055240
225,Cameron Perez,49,Stage,4,1613584566
18,Ryan Barton,96,Lot professor establish,4,1627855045
113,Diamond White,201,Family campaign hour,4,1611165150
251,Erik Jones,413,Matter agreement,2,1631156560
233,Emily Dunn,26,Central goal story class,1,1639049652
279,Cristina Gonzalez,343,Key road green,3,1630545514
202,Sonya Nguyen,429,Science follow skill,1,1637355451
83,Angela Bryant,235,Direction phone eye,1,1611963580
125,Anthony Williams,349,Man leg industry,1,1634360867
175,Ryan Schneider,244,Within history,4,1629616212
69,Dawn Tyler,358,Avoid product,4,1630750362
47,Carol Jones MD,481,Whom quite involve,3,1639674536
256,Andre Owen,327,Audience single,3,1636845851
215,Jamie Holland,396,Perform,3,1625249551
30,William Mathis,351,Heavy shoulder,1,1636764706
281,Daniel Evans,416,Movement general,4,1634835363
237,Wyatt Case,374,Provide control economic,2,1611967586
248,Diana Wright,404,Agent address,1,1622694636
25,Donald Stark,375,Husband picture,5,1617825170
74,Anna Perkins,51,Most and,1,1617603580
206,Yvonne Diaz MD,81,Body size,4,1612645304
94,Richard Johnson,36,Expect occur color,5,1617809876
127,William Shaw,67,Figure born treatment,1,1612453497
25,Donald Stark,129,Center practice involve,4,1622682528
116,Samantha Liu,370,Next wind home,4,1629053974
48,Laura Knox,155,During lose image write,2,1633766262
226,Kelly Montgomery,245,Remain team,1,1625797694
266,Joe Mora,111,Reach generation body,4,1617138501
99,Brittany Johnson,168,Age evening,3,1627896799
11,Renee Hall,481,Whom quite involve,4,1636734613
85,Eric Jones,468,Too pull,2,1620007106
214,Evan Ramos,142,None per,4,1613681122
173,Michele Simmons,356,Whether interview drug,1,1627466831
209,Hector Morris,197,Full push myself,1,1626246121
64,Cheryl Roberts,471,Personal suddenly,5,1630094650
258,Michael Hansen,109,Usually meeting each bed,1,1634844312
121,Alyssa Patel,376,Red four significant,5,1610326544
298,Jessica Williams,79,Such no,3,1610821670
54,Michelle Green,390,Impact century,2,1637206348
272,Todd Conley,161,Collection,3,1611076443
241,Rhonda Harrell,439,Speak few report,5,1634677706
243,Jack Rodriguez,19,Particular plan,4,1620140745
18,Ryan Barton,127,Color section,4,1634610967
187,David Lee,205,Top idea,3,1619918757
144,Tonya Lozano,29,Seek bill,4,1620005344
262,Scott Henson,445,Sometimes,5,1633365432
239,Justin Stephens,454,Respond again education,2,1612626211
298,Jessica Williams,207,Much poor paper,1,1640441698
76,Susan Cannon,464,Other,5,1619135557
188,Amber Michael,280,Method station,5,1617508217
246,Emily Hensley,151,Food agent should,1,1621904975
130,Crystal Arroyo,240,Institution hundred old,1,1619139628
283,Carrie Pacheco,266,Five first group hear,2,1615890907
79,Karen Delgado,182,Enter main cover,2,1625020136
72,Sarah Olson,105,Military stand,2,1618371551
263,Joel Murray,425,As piece at,4,1619789465
191,Stephanie Harrison,433,Reach wall only,5,1617291658
63,David English,401,Manager senior factor,1,1631491251
12,Jack Flores,497,Truth character,5,1630151576
141,Sydney Thompson,440,Report consider,5,1622442526
254,Michael Johnson,236,Eat may usually,2,1636133972
43,Angela Thornton,173,Create especially include,2,1619203116
17,Randy Gonzalez,158,Southern door,5,1635030006
63,David English,172,Recognize physical per hold,2,1614798706
253,Joshua Harper,494,Occur almost us,4,1617508162
292,Yvette Rice,458,Talk,1,1630406475
8,Hannah Hendrix,311,Military control fly state,5,1635481330
90,Jeffrey Parker,403,Myself describe guy financial,1,1638474791
208,Nicholas Nelson,157,Guess yourself,4,1626613677
292,Yvette Rice,258,Recognize,2,1625062069
284,Crystal Jackson,164,Indicate factor,3,1615372584
118,John Johnston,147,Strong employee thousand,4,1638303312
175,Ryan Schneider,391,Maybe,3,1625320485
76,Susan Cannon,154,Write administration,1,1627309411
101,Roger Collier,463,True American course,5,1626974115
151,Justin Hernandez,367,Situation model kind,2,1635117010
270,Brenda Gray,38,Enjoy,4,1630479275
71,Emily Long,131,Pull certain professional,2,1630566968
180,Kristen Fuentes,358,Avoid product,3,1616966465
124,Lisa Scott,255,Safe spring,3,1629052368
293,Nicole Burns MD,208,Research school sometimes,5,1617562653
285,Tara Hall,450,Over our stock catch,3,1630096366
195,Eric Guzman,95,Maybe wait protect,5,1636713225
228,Madeline Durham,348,Relate woman performance,4,1619018466
275,Wendy Fox,327,Audience single,5,1612226876
106,Joshua Soto,478,Back past which conference,3,1630901694
21,Ariel Ellis,171,Loss,1,1617309171
64,Cheryl Roberts,250,Few their,5,1639368995
165,Patrick Brown,190,My feeling,2,1637723232
27,Mary Ford,199,Question season information,1,1618128320
285,Tara Hall,484,Particularly sense collection protect,5,1634320849
148,Micheal Gomez,221,Instead way,2,1629840310
281,Daniel Evans,24,Possible during,1,1612776245
164,Kara Ramirez,244,Within history,5,1619524974
224,Connie Sullivan,423,Strategy authority through,4,1628956762
272,Todd Conley,324,Even young increase from,2,1629949759
146,Christopher Evans,128,Its,4,1613306742
30,William Mathis,93,Source campaign prove,3,1622922331
45,Brittany Moses,300,Blood skill name,5,1616267252
275,Wendy Fox,133,Also mind,5,1614209769
34,James Davis,55,Out outside move,2,1622009240
141,Sydney Thompson,477,Option,5,1635935056
221,Jean Braun,158,Southern door,3,1619951674
22,Christopher Johnson,29,Seek bill,5,1609565880
180,Kristen Fuentes,410,White door turn,1,1616614325
231,Janice Bell,211,Training most,4,1617207339
38,Omar Ford,154,Write administration,3,1629876915
70,Amanda Walton,293,Material,3,1639395915
116,Samantha Liu,475,Interest main,4,1625646223
239,Justin Stephens,222,Relate service,4,1623970172
148,Micheal Gomez,115,Position well defense,3,1632455439
9,Daniel Johnson,437,Floor,4,1613432272
288,Anna Schultz,158,Southern door,2,1639720502
50,Patricia Campbell,259,Can fly,4,1624607932
5,Wendy Mack,251,Hour such name,1,1631547742
126,Joshua Williams,122,Administration food check,1,1640082766
75,Richard Walker,299,Deep,2,1630492236
165,Patrick Brown,263,Program hope,4,1615351591
278,Ashley Hansen,381,Out outside PM,1,1624576730
300,Kimberly Lynch,49,Stage,5,1625879316
290,Sonia Ward,377,Subject however guess,4,1627368513
77,Sharon Nicholson,329,Become career both program,2,1639234695
298,Jessica Williams,297,Religious look better interest,4,1625051369
137,Cory Mcbride,362,Market left give,3,1636269254
106,Joshua Soto,77,All consumer,3,1621168905
95,Chase Morton,463,True American course,1,1638335928
135,Deborah Brown,438,Rule rest Democrat,3,1634943363
68,Luke Clark,127,Color section,2,1639689770
147,Jacob Miller,197,Full push myself,1,1629059944
159,Laura Baker MD,221,Instead way,2,1617005283
163,Thomas Odonnell,483,Available mouth structure,2,1615199970
189,Rebekah Hunt,91,Section hair,3,1639004734
95,Chase Morton,411,Visit pull then inside,3,1628956330
181,Angela Myers,8,Development away,2,1638425026
288,Anna Schultz,32,Station risk although,3,1631023353
187,David Lee,468,Too pull,3,1640825169
138,Adam Carrillo,320,Parent fact,3,1617446137
130,Crystal Arroyo,394,Draw another Mr,4,1619054386
194,Linda Lowery,269,Federal cost management,2,1621052653
273,Jennifer Atkinson,191,Much certainly bed forget,5,1637531703
144,Tonya Lozano,349,Man leg industry,2,1621726378
16,Robert Dunn,163,Get dream,1,1639871895
245,Shannon Morrison,61,Point treatment,3,1615774175
107,Tracy Riddle,438,Rule rest Democrat,3,1614466593
88,Christopher Wright,264,Accept,5,1620732218
129,Heather Griffin,285,Term again pay quickly,1,1626410113
4,Kyle Rios,95,Maybe wait protect,4,1619764865
95,Chase Morton,41,Us nature city,2,1621535625
209,Hector Morris,414,Along human find,4,1640956046
225,Cameron Perez,470,Nation us half run,1,1630060661
47,Carol Jones MD,149,Us social,5,1611715787
181,Angela Myers,204,About ever consumer,1,1615670143
106,Joshua Soto,267,Argue onto,5,1627677930
199,Kelly Zimmerman,2,Pass simple southern,4,1635547664
106,Joshua Soto,178,During learn threat,4,1639532625
280,Erin Lane,425,As piece at,1,1639361037
260,Jared Flores,194,Especially,1,1626492496
108,Holly Ward,482,Practice truth seat the,3,1638027982
19,Tyler Franco,387,Box respond dinner,5,1630508747
296,Blake Griffin,336,Kid fire,3,1630962554
171,Dana Howard,435,Lawyer use,2,1611889935
195,Eric Guzman,196,Hour party,2,1615404063
12,Jack Flores,343,Key road green,1,1631233558
195,Eric Guzman,249,Class young success,4,1613602917
283,Carrie Pacheco,498,List or admit,2,1624531617
182,Christina Jones,212,Officer when represent,2,1633848417
144,Tonya Lozano,153,Visit beat,3,1620934287
182,Christina Jones,158,Southern door,3,1632769441
30,William Mathis,466,Air while where,2,1639863911
84,Aaron Adams,362,Market left give,1,1628629885
166,Gregory Lin,139,Conference discuss why,3,1615727558
284,Crystal Jackson,221,Instead way,2,1612866464
281,Daniel Evans,273,Watch vote,4,1629699907
96,Michael Cohen,154,Write administration,3,1615047338
266,Joe Mora,249,Class young success,2,1609828415
298,Jessica Williams,279,South degree,5,1634501875
296,Blake Griffin,440,Report consider,3,1609755718
225,Cameron Perez,436,Send test enough,5,1618827025
42,Keith Ross,304,Report area bed,3,1636370371
246,Emily Hensley,276,Heart seat fear,3,1623417200
208,Nicholas Nelson,493,Pm director PM,5,1628079740
237,Wyatt Case,2,Pass simple southern,1,1616253822
22,Christopher Johnson,88,Huge fill eye,2,1616547644
185,Emily Baker,287,Simply,1,1610386762
242,Robert Doyle,411,Visit pull then inside,1,1622670954
283,Carrie Pacheco,130,Myself which indicate,2,1639050387
41,Carrie Tucker,78,Difference yet,4,1621412234
162,Robert Mcpherson,260,Rich head,1,1633620942
160,Jose Hamilton,241,Safe effort himself whether,1,1618790317
89,Katelyn Conrad,141,Right traditional,1,1639690431
12,Jack Flores,228,Discuss manage house,4,1630913360
73,Karen Arnold,163,Get dream,3,1637803233
76,Susan Cannon,236,Eat may usually,5,1637799153
201,John Scott,128,Its,5,1626801135
10,Michael Nelson,200,Say and let,4,1613980107
226,Kelly Montgomery,450,Over our stock catch,1,1612957545
176,Kathy Cantrell,390,Impact century,5,1611536667
276,Claudia Wells,31,South activity bring coach,4,1624262575
39,Brenda Mccormick DDS,138,Reduce new performance,2,1631727778
60,Spencer Huffman,492,Computer within,5,1615346695
66,Edgar Rowe,21,Book job left,2,1610193242
124,Lisa Scott,234,Participant imagine final,1,1616744949
164,Kara Ramirez,202,Stock understand,5,1624580984
159,Laura Baker MD,279,South degree,4,1624535703
57,Sarah Miller,131,Pull certain professional,3,1630894913
78,Danielle Williamson,416,Movement general,5,1634864222
194,Linda Lowery,148,Individual turn dog,5,1622082261
285,Tara Hall,458,Talk,5,1616640576
15,Christine Perry,29,Seek bill,5,1614862716
12,Jack Flores,361,Difference season lead cover,4,1622787096
101,Roger Collier,308,Positive help base,4,1613151715
156,Mrs. Ann Luna,371,Participant call final,3,1638009443
125,Anthony Williams,430,Time scientist,4,1610764904
280,Erin Lane,162,As everybody,4,1637073538
110,David Torres,357,Population before next west,1,1637278596
146,Christopher Evans,340,Imagine mouth,1,1631605568
216,Christopher Lewis,61,Point treatment,2,1631090613
162,Robert Mcpherson,125,Necessary,3,1639557650
128,Lisa Jones,456,Occur,1,1634967264
150,Denise Cook,71,Similar much investment,3,1627712617
36,Michele Garcia,326,Over true star,3,1638245429
173,Michele Simmons,395,Station mother,5,1638031837
22,Christopher Johnson,364,Reality plant,3,1630322635
206,Yvonne Diaz MD,466,Air while where,5,1640927113
127,William Shaw,243,Daughter never interesting,2,1628304097
217,Barbara Mckenzie,490,To modern,2,1619345807
96,Michael Cohen,249,Class young success,2,1629563751
164,Kara Ramirez,221,Instead way,5,1610472365
148,Micheal Gomez,473,Cover party,5,1639609756
18,Ryan Barton,447,Together,2,1624270350
294,Hannah Daniels,21,Book job left,5,1610457135
195,Eric Guzman,494,Occur almost us,4,1629121674
151,Justin Hernandez,387,Box respond dinner,4,1614084587
123,Cynthia Howell,82,Director work,5,1610986529
187,David Lee,344,Measure also watch movie,5,1618429347
149,Tommy Stephens,367,Situation model kind,1,1624850333
104,Zoe Scott,486,Situation sell blood,1,1620327266
243,Jack Rodriguez,10,Day light call best,3,1630579656
231,Janice Bell,411,Visit pull then inside,3,1631767761
206,Yvonne Diaz MD,12,Writer role then,3,1619051538
198,Lindsey Wu,263,Program hope,2,1629368806
87,Elizabeth Moore,145,About production,4,1610547907
142,Brandon Taylor,449,Material television,2,1634827589
199,Kelly Zimmerman,192,Side future nor,5,1617983090
46,Steven Craig,250,Few their,1,1612850080
288,Anna Schultz,114,Discuss right ready,5,1629109087
15,Christine Perry,26,Central goal story class,5,1625827791
44,Marie Garcia,271,Coach cold,1,1618829898
169,Christina Wallace,499,Air event,5,1616620693
44,Marie Garcia,33,Movie thing,3,1630989859
98,Christian Carr,62,Which suffer,1,1639632625
261,Albert Lopez,229,Material add,5,1635495062
109,Mary Young,303,Believe serve important,3,1624274494
283,Carrie Pacheco,95,Maybe wait protect,3,1615872153
104,Zoe Scott,35,Perform company,4,1629702140
256,Andre Owen,193,Seem time,3,1640179387
206,Yvonne Diaz MD,456,Occur,2,1614541022
43,Angela Thornton,76,People nearly body,1,1624946268
245,Shannon Morrison,379,Next speech,1,1617720836
287,Sarah Erickson,249,Class young success,1,1635849141
273,Jennifer Atkinson,83,He fill but state,5,1613472421
83,Angela Bryant,25,Happy hear,5,1609651133
110,David Torres,57,Leave statement,2,1613147672
190,Amber Hunter,32,Station risk although,3,1620787195
288,Anna Schultz,319,Sense spend,5,1610835553
251,Erik Jones,12,Writer role then,3,1633258251
212,Suzanne Petty,319,Sense spend,3,1617313941
291,Tina Edwards,333,Total check,5,1619456904
133,Ruth Ross,92,High same several,5,1609526523
201,John Scott,1,Area together show,2,1615594579
285,Tara Hall,435,Lawyer use,4,1633991452
95,Chase Morton,326,Over true star,1,1618864299
278,Ashley Hansen,136,Too best,5,1632281820
219,Michael Thornton,196,Hour party,5,1633261082
89,Katelyn Conrad,133,Also mind,3,1621648848
72,Sarah Olson,473,Cover party,4,1622004356
247,Brittney Hoffman,86,Car despite,5,1625444915
129,Heather Griffin,476,Good property,4,1611260908
212,Suzanne Petty,295,Place cell a,1,1628583164
96,Michael Cohen,279,South degree,3,1636997388
75,Richard Walker,324,Even young increase from,2,1632444201
54,Michelle Green,180,Middle believe speech,1,1630610318
54,Michelle Green,4,Address way thousand,4,1627737166
218,Rachel Michael DDS,126,Agreement partner,4,1636837905
16,Robert Dunn,175,Near heart room,1,1640993073
99,Brittany Johnson,251,Hour such name,4,1614757121
20,Emily Casey,21,Book job left,2,1621748054
46,Steven Craig,485,Pm woman sure,2,1638005866
193,Ms. Jennifer Jones DVM,440,Report consider,4,1618173324
58,Jacqueline Aguilar,105,Military stand,4,1613196778
111,Samuel Nunez,66,Compare someone assume,2,1639697859
129,Heather Griffin,443,Explain nature future,4,1621581870
194,Linda Lowery,263,Program hope,5,1631451893
8,Hannah Hendrix,49,Stage,3,1640853494
29,Amber Thomas,16,Bank win sort,5,1640782424
112,Stephanie Nichols,145,About production,4,1613487818
161,Michael Fox,340,Imagine mouth,4,1610645937
131,George Smith,250,Few their,3,1637525231
188,Amber Michael,343,Key road green,4,1622878185
163,Thomas Odonnell,354,Lot modern,3,1617073419
197,Briana Wright,75,Agree history,2,1633509512
204,Krista Gregory,290,Left remember,3,1617709882
212,Suzanne Petty,417,Change technology bed,3,1623571956
109,Mary Young,282,Million Mr behind,5,1616885932
276,Claudia Wells,66,Compare someone assume,4,1624196325
73,Karen Arnold,125,Necessary,2,1635791557
167,Dr. Richard Mccormick DVM,319,Sense spend,1,1620737514
260,Jared Flores,87,Send design,3,1633361650
243,Jack Rodriguez,41,Us nature city,1,1634095098
275,Wendy Fox,470,Nation us half run,4,1621221930
102,Steven Lawson,186,Road inside,3,1629233993
173,Michele Simmons,354,Lot modern,1,1630840086
171,Dana Howard,380,Size purpose,5,1618984014
141,Sydney Thompson,335,Bill team about join,1,1632605100
188,Amber Michael,266,Five first group hear,5,1613927702
86,Joseph Burton,271,Coach cold,2,1612082407
52,Chelsey Parker,42,Young somebody look improve,4,1632532580
111,Samuel Nunez,93,Source campaign prove,1,1625949857
43,Angela Thornton,185,Born affect later,3,1613449359
211,Scott Welch PhD,215,Base will,4,1620521406
200,Christina Martinez,17,Station ask,1,1625086060
298,Jessica Williams,444,Nation road it,3,1640944562
240,Manuel Carter,265,Letter family,3,1634659048
115,Rebecca Smith,114,Discuss right ready,3,1615711854
26,Holly Hoffman,292,System understand,3,1637007781
299,April Stevens,457,Need often,1,1610513127
77,Sharon Nicholson,464,Other,2,1630346679
137,Cory Mcbride,292,System understand,5,1631971565
20,Emily Casey,48,Indicate industry contain,5,1616619716
211,Scott Welch PhD,307,Record magazine,5,1630535440
240,Manuel Carter,97,Soldier,2,1619545173
39,Brenda Mccormick DDS,375,Husband picture,3,1638203686
268,Kylie Tyler,95,Maybe wait protect,3,1628182056
207,Richard Thomas,326,Over true star,4,1628854319
267,Bradley Bowman,74,Lose none,5,1621608401
154,Brett Park,336,Kid fire,5,1626363291
42,Keith Ross,68,Great season space,3,1637468748
11,Renee Hall,246,Like realize popular,5,1636560049
294,Hannah Daniels,406,Over act,3,1610127337
98,Christian Carr,77,All consumer,3,1617544448
275,Wendy Fox,208,Research school sometimes,3,1617366961
230,John Miller,372,Certain economy factor,1,1616388626
220,Laura Williams,254,Page,1,1628414433
65,Kristin Harding,221,Instead way,1,1617861690
232,Benjamin Pruitt,262,Look sometimes central,1,1626351299
52,Chelsey Parker,410,White door turn,2,1640790122
263,Joel Murray,331,If radio range,4,1610730434
267,Bradley Bowman,344,Measure also watch movie,4,1632702376
154,Brett Park,477,Option,3,1637983113
140,Michael Thomas,259,Can fly,5,1617156891
51,Jason Martinez,308,Positive help base,1,1619531297
117,Christopher Simmons,74,Lose none,4,1618845478
46,Steven Craig,125,Necessary,4,1616400878
88,Christopher Wright,188,Everybody still,1,1631890170
208,Nicholas Nelson,254,Page,2,1619650386
269,Christine Kline,447,Together,2,1618215017
89,Katelyn Conrad,321,Commercial stop hope,4,1637233591
118,John Johnston,308,Positive help base,2,1620702899
54,Michelle Green,235,Direction phone eye,1,1621252205
116,Samantha Liu,474,Floor since push,4,1617662691
118,John Johnston,250,Few their,1,1617505400
260,Jared Flores,332,Left good,2,1633615978
75,Richard Walker,398,Face soldier,1,1628473474
7,Jessica Williams,345,Nice garden,2,1633984022
122,Leah Larson,72,Executive course follow,2,1611435152
11,Renee Hall,235,Direction phone eye,1,1623411526
215,Jamie Holland,324,Even young increase from,2,1638906521
279,Cristina Gonzalez,156,Peace certain,3,1636321386
28,Mark Mcdonald,455,Travel method,1,1626417809
235,Victoria Romero,394,Draw another Mr,3,1618593531
26,Holly Hoffman,115,Position well defense,1,1619101165
54,Michelle Green,313,Assume tonight,2,1620223789
29,Amber Thomas,228,Discuss manage house,2,1624255518
164,Kara Ramirez,322,So later,4,1637388892
270,Brenda Gray,346,Society former sense,4,1625490568
35,Mrs. Mary Rodriguez,245,Remain team,3,1617302901
286,Richard Carroll,306,Argue thing,2,1623273122
273,Jennifer Atkinson,14,Similar professor security,4,1635160656
208,Nicholas Nelson,16,Bank win sort,2,1619535163
238,Amanda Bradley,438,Rule rest Democrat,1,1636766795
93,Katie Carter,427,Usually speech enter,4,1633026622
173,Michele Simmons,42,Young somebody look improve,3,1625819235
79,Karen Delgado,465,Office likely purpose,4,1624613811
110,David Torres,110,Live just edge,2,1630657071
217,Barbara Mckenzie,278,Far here free,5,1611546556
106,Joshua Soto,324,Even young increase from,5,1625320855
47,Carol Jones MD,19,Particular plan,2,1621214793
181,Angela Myers,66,Compare someone assume,1,1614369081
64,Cheryl Roberts,167,Finish finish,4,1609571519
246,Emily Hensley,73,Car sometimes,5,1633990685
244,Alexandra Cooper,403,Myself describe guy financial,1,1637516956
87,Elizabeth Moore,400,Speak able list,2,1621457673
217,Barbara Mckenzie,310,Mouth,1,1635297023
7,Jessica Williams,409,Us free body,2,1625272870
278,Ashley Hansen,112,Once,4,1637179958
210,Amanda Harrington,274,Make must improve,1,1637419547
169,Christina Wallace,407,Have almost,4,1633297809
138,Adam Carrillo,373,Beat particularly age sit,1,1625422248
230,John Miller,85,Walk,2,1638137461
161,Michael Fox,139,Conference discuss why,2,1616785265
1,Robert Humphrey,39,Maybe kind certain,1,1637527248
236,Justin Michael,105,Military stand,2,1629417546
188,Amber Michael,324,Even young increase from,3,1627350080
4,Kyle Rios,281,Market response,3,1622437219
132,Raven Williams,447,Together,4,1620104291
218,Rachel Michael DDS,480,Prove although audience,3,1628789805
260,Jared Flores,414,Along human find,3,1633760136
1,Robert Humphrey,429,Science follow skill,5,1636591020
71,Emily Long,123,Film those feeling,5,1629523899
178,Charles Smith,218,According stop collection,5,1616204955
189,Rebekah Hunt,377,Subject however guess,5,1636469999
291,Tina Edwards,61,Point treatment,2,1631032672
8,Hannah Hendrix,100,Least outside five mother,4,1618805506
253,Joshua Harper,307,Record magazine,4,1628958130
292,Yvette Rice,354,Lot modern,3,1630655623
244,Alexandra Cooper,393,However ready,4,1610986865
123,Cynthia Howell,204,About ever consumer,3,1618459834
299,April Stevens,258,Recognize,4,1619099763
283,Carrie Pacheco,486,Situation sell blood,1,1639649212
32,Nicole Fischer,5,According yard the fact,1,1625724985
146,Christopher Evans,446,Film success right,4,1639661660
156,Mrs. Ann Luna,197,Full push myself,2,1634132196
16,Robert Dunn,180,Middle believe speech,3,1621080459
47,Carol Jones MD,342,Skill measure,4,1638606984
251,Erik Jones,133,Also mind,3,1639222376
187,David Lee,443,Explain nature future,5,1628249904
31,Mr. Jesse Stevens,324,Even young increase from,4,1611306834
260,Jared Flores,253,Its young,2,1626425360
17,Randy Gonzalez,265,Letter family,5,1640345141
39,Brenda Mccormick DDS,93,Source campaign prove,4,1640751275
39,Brenda Mccormick DDS,150,Campaign court,1,1636294047
132,Raven Williams,411,Visit pull then inside,4,1635166114
30,William Mathis,138,Reduce new performance,1,1630709197
158,Mr. Justin Ramos,208,Research school sometimes,1,1625485104
278,Ashley Hansen,490,To modern,4,1623708597
203,Craig King,125,Necessary,4,1635302543
66,Edgar Rowe,234,Participant imagine final,1,1626654292
108,Holly Ward,61,Point treatment,3,1613254395
268,Kylie Tyler,307,Record magazine,5,1631644887
222,Catherine Hernandez,266,Five first group hear,2,1624495741
292,Yvette Rice,134,Young interest,4,1630122081
18,Ryan Barton,318,Answer language,5,1623135623
90,Jeffrey Parker,113,Truth everybody,5,1638841835
181,Angela Myers,389,Professor level place,3,1613855636
255,Samantha Donaldson,378,American practice,5,1609805615
253,Joshua Harper,454,Respond again education,4,1615545735
257,Jason Hill,191,Much certainly bed forget,5,1628492315
87,Elizabeth Moore,379,Next speech,4,1609834831
90,Jeffrey Parker,440,Report consider,4,1631588915
237,Wyatt Case,187,Project ahead,1,1632039054
70,Amanda Walton,319,Sense spend,3,1622870147
44,Marie Garcia,367,Situation model kind,2,1616228697
200,Christina Martinez,89,Benefit best,1,1632952318
152,Brad Hubbard,187,Project ahead,2,1611177678
86,Joseph Burton,307,Record magazine,4,1633293795
19,Tyler Franco,434,Southern imagine,1,1611355615
101,Roger Collier,132,Situation almost use,5,1622620221
95,Chase Morton,360,Second program,5,1609757034
254,Michael Johnson,123,Film those feeling,2,1620475902
30,William Mathis,48,Indicate industry contain,4,1626697189
249,Michaela Anderson,288,Rich however company,2,1624775811
33,Robert Bender,376,Red four significant,3,1622783016
229,Olivia Whitney,179,Beat military experience,5,1636024008
12,Jack Flores,180,Middle believe speech,1,1617806434
118,John Johnston,99,Certainly special relationship,1,1637536054
155,Joshua Snyder,330,Speak than,1,1611080548
246,Emily Hensley,34,Order line,5,1639387694
247,Brittney Hoffman,420,Subject red red,4,1635148283
29,Amber Thomas,70,Recognize occur name fly,5,1631856264
161,Michael Fox,171,Loss,5,1625716353
235,Victoria Romero,366,Drive debate,1,1637108418
190,Amber Hunter,272,Not,5,1609533945
117,Christopher Simmons,59,Far carry until,1,1614943348
271,Cynthia Hall,181,Bad all space,4,1638245227
258,Michael Hansen,19,Particular plan,3,1629558703
180,Kristen Fuentes,226,Civil place finish,1,1628009028
172,Victoria Newton,473,Cover party,2,1611568073
274,William Hartman,95,Maybe wait protect,3,1621389339
259,Dawn Walter,369,Memory past,4,1615859534
135,Deborah Brown,297,Religious look better interest,3,1612120077
171,Dana Howard,81,Body size,1,1622192173
210,Amanda Harrington,175,Near heart room,4,1638458838
236,Justin Michael,222,Relate service,2,1623816588
186,Kevin Soto,103,Always represent forward,1,1616794127
95,Chase Morton,54,Place population order,1,1612422621
11,Renee Hall,183,Seem area,4,1636296103
68,Luke Clark,351,Heavy shoulder,4,1617810375
210,Amanda Harrington,403,Myself describe guy financial,3,1638598352
196,Michelle Taylor,318,Answer language,2,1613587101
98,Christian Carr,355,Yard impact information,3,1623032656
93,Katie Carter,349,Man leg industry,3,1637086434
22,Christopher Johnson,443,Explain nature future,1,1615035840
172,Victoria Newton,321,Commercial stop hope,4,1615889136
134,Jeffrey Jones,68,Great season space,1,1614575161
25,Donald Stark,28,Outside since full,2,1624526295
185,Emily Baker,274,Make must improve,3,1638437167
85,Eric Jones,282,Million Mr behind,2,1616556848
55,James Scott,360,Second program,4,1625729880
251,Erik Jones,403,Myself describe guy financial,4,1622787201
144,Tonya Lozano,311,Military control fly state,5,1640789208
167,Dr. Richard Mccormick DVM,119,Site media operation,2,1616865805
224,Connie Sullivan,380,Size purpose,1,1617222502
220,Laura Williams,441,Democrat stop mouth,2,1609652088
179,Jerry Wells,134,Young interest,3,1612893938
119,Michael Perez,129,Center practice involve,4,1622829536
265,Laura King,8,Development away,4,1633338000
150,Denise Cook,481,Whom quite involve,2,1638224250
215,Jamie Holland,51,Most and,2,1628567454
197,Briana Wright,491,Reduce place thousand,2,1623975817
42,Keith Ross,341,Local letter especially,3,1612657766
53,Brittney Small PhD,472,Best nice off,3,1626003672
251,Erik Jones,281,Market response,1,1631860132
295,Cynthia Butler,175,Near heart room,2,1622039615
271,Cynthia Hall,183,Seem area,1,1626516125
123,Cynthia Howell,192,Side future nor,5,1616838817
266,Joe Mora,249,Class young success,3,1618800145
29,Amber Thomas,235,Direction phone eye,4,1625571543
35,Mrs. Mary Rodriguez,83,He fill but state,5,1624937790
6,Crystal Jensen,93,Source campaign prove,4,1611718704
111,Samuel Nunez,373,Beat particularly age sit,5,1617370167
294,Hannah Daniels,394,Draw another Mr,1,1612256090
77,Sharon Nicholson,312,Safe city,1,1635562041
147,Jacob Miller,268,Middle turn,3,1610376858
67,Andre Santana,417,Change technology bed,4,1636555830
8,Hannah Hendrix,120,Task card,5,1621414886
122,Leah Larson,71,Similar much investment,2,1620731220
175,Ryan Schneider,17,Station ask,2,1621625874
179,Jerry Wells,253,Its young,3,1636335254
85,Eric Jones,445,Sometimes,4,1622313830
45,Brittany Moses,122,Administration food check,2,1621028719
136,Jennifer Simon,380,Size purpose,3,1627989099
16,Robert Dunn,10,Day light call best,3,1610836526
195,Eric Guzman,287,Simply,4,1620094670
9,Daniel Johnson,316,Line concern,2,1615807850
15,Christine Perry,326,Over true star,2,1636114369
102,Steven Lawson,273,Watch vote,2,1632553954
226,Kelly Montgomery,306,Argue thing,1,1637393842
278,Ashley Hansen,293,Material,2,1627131219
113,Diamond White,210,Field small,5,1633704347
1,Robert Humphrey,446,Film success right,1,1632797823
266,Joe Mora,218,According stop collection,1,1622032441
208,Nicholas Nelson,241,Safe effort himself whether,1,1635856014
110,David Torres,374,Provide control economic,1,1612637071
200,Christina Martinez,464,Other,3,1628455520
12,Jack Flores,200,Say and let,5,1627605550
188,Amber Michael,216,Hit story,4,1613350590
154,Brett Park,205,Top idea,2,1627047563
279,Cristina Gonzalez,413,Matter agreement,1,1623808102
171,Dana Howard,416,Movement general,4,1632540074
134,Jeffrey Jones,216,Hit story,3,1616302931
25,Donald Stark,80,Sister down civil,4,1624306076
18,Ryan Barton,267,Argue onto,1,1631202282
190,Amber Hunter,480,Prove although audience,5,1637847600
141,Sydney Thompson,390,Impact century,4,1610986882
43,Angela Thornton,379,Next speech,1,1632785348
284,Crystal Jackson,35,Perform company,1,1619565371
146,Christopher Evans,289,Total company water,2,1626467137
92,Jonathan Gonzales,18,I process,2,1634850390
179,Jerry Wells,165,Team Republican,5,1633103229
56,Laura Sanders,13,Identify brother culture,2,1629422553
155,Joshua Snyder,202,Stock understand,5,1626494745
160,Jose Hamilton,229,Material add,3,1614009670
111,Samuel Nunez,346,Society former sense,3,1624613115
137,Cory Mcbride,366,Drive debate,2,1632639561
232,Benjamin Pruitt,465,Office likely purpose,3,1617954756
220,Laura Williams,448,Certain light some,4,1640393803
68,Luke Clark,1,Area together show,4,1635167774
249,Michaela Anderson,319,Sense spend,4,1617793045
6,Crystal Jensen,217,Particular next,3,1625959952
280,Erin Lane,34,Order line,4,1613742803
94,Richard Johnson,359,Question window,5,1617624211
269,Christine Kline,266,Five first group hear,1,1633422058
197,Briana Wright,128,Its,2,1636620167
25,Donald Stark,212,Officer when represent,5,1636434414
148,Micheal Gomez,263,Program hope,4,1630775137
118,John Johnston,312,Safe city,1,1620973360
66,Edgar Rowe,80,Sister down civil,2,1618361430
175,Ryan Schneider,165,Team Republican,5,1633917989
76,Susan Cannon,413,Matter agreement,2,1623667764
114,Kyle Gonzalez,252,Some site these leg,3,1623264283
111,Samuel Nunez,12,Writer role then,4,1635310668
249,Michaela Anderson,401,Manager senior factor,5,1627897244
203,Craig King,304,Report area bed,5,1609916412
147,Jacob Miller,212,Officer when represent,1,1612933319
35,Mrs. Mary Rodriguez,282,Million Mr behind,1,1609735050
26,Holly Hoffman,112,Once,1,1625674670
238,Amanda Bradley,211,Training most,2,1618383020
14,Jon Orr,378,American practice,4,1627789585
45,Brittany Moses,239,Drug end image,2,1616290865
216,Christopher Lewis,268,Middle turn,4,1620363608
233,Emily Dunn,405,Attention plant yeah,5,1632384688
193,Ms. Jennifer Jones DVM,298,Natural effect citizen effort,2,1633069973
51,Jason Martinez,317,Sign,2,1613233964
214,Evan Ramos,58,Forward husband model,2,1625034684
151,Justin Hernandez,438,Rule rest Democrat,3,1619616994
275,Wendy Fox,34,Order line,4,1617785692
76,Susan Cannon,263,Program hope,4,1639476756
220,Laura Williams,365,Set pretty,2,1611071991
187,David Lee,35,Perform company,3,1638234310
289,Cory Contreras,271,Coach cold,2,1612447932
28,Mark Mcdonald,449,Material television,4,1611830179
180,Kristen Fuentes,474,Floor since push,5,1611679383
253,Joshua Harper,227,Analysis tree their,3,1628680863
126,Joshua Williams,25,Happy hear,3,1627451738
177,Kevin Martinez,234,Participant imagine final,2,1610036191
37,Jennifer Dudley,59,Far carry until,5,1628130234
99,Brittany Johnson,251,Hour such name,4,1616491359
98,Christian Carr,335,Bill team about join,1,1618720217
127,William Shaw,86,Car despite,4,1625930314
168,Kevin Weeks,251,Hour such name,4,1613271405
80,Alice Jones,390,Impact century,5,1632269393
294,Hannah Daniels,180,Middle believe speech,3,1628321919
126,Joshua Williams,207,Much poor paper,4,1623921510
150,Denise Cook,344,Measure also watch movie,3,1610320516
16,Robert Dunn,149,Us social,5,1628921743
28,Mark Mcdonald,71,Similar much investment,5,1616454282
173,Michele Simmons,121,Mention student,2,1619214069
46,Steven Craig,253,Its young,1,1623548706
236,Justin Michael,93,Source campaign prove,5,1632360047
214,Evan Ramos,256,Beat conference,5,1633584330
85,Eric Jones,254,Page,3,1637841577
282,David Campbell,352,Spring walk,5,1638571094
232,Benjamin Pruitt,288,Rich however company,4,1611391727
85,Eric Jones,309,Require world late,2,1638986576
65,Kristin Harding,59,Far carry until,2,1623173769
134,Jeffrey Jones,69,Impact nothing,4,1609620561
151,Justin Hernandez,446,Film success right,5,1621961451
115,Rebecca Smith,388,Argue during,1,1612586119
64,Cheryl Roberts,86,Car despite,5,1621980666
158,Mr. Justin Ramos,274,Make must improve,2,1620054297
77,Sharon Nicholson,227,Analysis tree their,1,1616814594
146,Christopher Evans,81,Body size,3,1616231482
225,Cameron Perez,498,List or admit,3,1612570227
103,Christopher Santiago,114,Discuss right ready,5,1628609495
88,Christopher Wright,184,Challenge second,5,1636897410
168,Kevin Weeks,280,Method station,1,1635578277
170,Joseph Gonzalez,322,So later,1,1629095297
135,Deborah Brown,397,Audience every,5,1610904546
50,Patricia Campbell,318,Answer language,2,1619940240
134,Jeffrey Jones,54,Place population order,3,1621969608
137,Cory Mcbride,399,Word never,1,1612885845
245,Shannon Morrison,197,Full push myself,2,1614120414
109,Mary Young,387,Box respond dinner,5,1613588982
287,Sarah Erickson,293,Material,4,1620982881
21,Ariel Ellis,293,Material,1,1609636567
90,Jeffrey Parker,485,Pm woman sure,4,1610144891
296,Blake Griffin,387,Box respond dinner,2,1616058440
112,Stephanie Nichols,447,Together,3,1630888813
77,Sharon Nicholson,291,Sit serve majority,2,1639652729
177,Kevin Martinez,180,Middle believe speech,3,1614482922
148,Micheal Gomez,471,Personal suddenly,2,1618474113
101,Roger Collier,380,Size purpose,1,1611934676
246,Emily Hensley,412,Apply capital school,1,1640920602
117,Christopher Simmons,222,Relate service,4,1636699300
92,Jonathan Gonzales,274,Make must improve,2,1621010374
28,Mark Mcdonald,378,American practice,2,1626909077
25,Donald Stark,244,Within history,4,1628618819
58,Jacqueline Aguilar,420,Subject red red,5,1634289165
297,Andrew Myers,417,Change technology bed,2,1634319969
134,Jeffrey Jones,448,Certain light some,2,1620834070
249,Michaela Anderson,154,Write administration,2,1620655531
38,Omar Ford,304,Report area bed,5,1617389545
75,Richard Walker,424,Mind account low,1,1638361560
142,Brandon Taylor,273,Watch vote,4,1616292288
168,Kevin Weeks,424,Mind account low,5,1622361458
259,Dawn Walter,135,Brother,3,1611394294
225,Cameron Perez,313,Assume tonight,3,1622843503
152,Brad Hubbard,8,Development away,5,1617755487
19,Tyler Franco,128,Its,5,1639214413
146,Christopher Evans,373,Beat particularly age sit,1,1612387048
241,Rhonda Harrell,56,Look low,3,1617615932
237,Wyatt Case,126,Agreement partner,4,1632088148
35,Mrs. Mary Rodriguez,159,Fine option,2,1617756342
190,Amber Hunter,59,Far carry until,2,1631623918
1,Robert Humphrey,58,Forward husband model,1,1623865081
153,Sean Alvarez MD,140,You forget,1,1631091782
126,Joshua Williams,176,Of need,3,1620547811
226,Kelly Montgomery,415,Type world,4,1622414420
221,Jean Braun,108,Indeed task,4,1625118513
211,Scott Welch PhD,211,Training most,5,1624368615
25,Donald Stark,447,Together,1,1612891531
16,Robert Dunn,74,Lose none,2,1616593870
182,Christina Jones,167,Finish finish,2,1640348942
129,Heather Griffin,460,Compare arrive member,3,1620082064
42,Keith Ross,404,Agent address,2,1622043937
236,Justin Michael,357,Population before next west,4,1637372651
34,James Davis,304,Report area bed,4,1626706722
45,Brittany Moses,233,Hard Democrat fish,1,1638543910
134,Jeffrey Jones,327,Audience single,3,1624580581
21,Ariel Ellis,372,Certain economy factor,2,1638617293
122,Leah Larson,182,Enter main cover,1,1614190262
70,Amanda Walton,122,Administration food check,5,1632793786
48,Laura Knox,334,Rather two wife,5,1631637636
39,Brenda Mccormick DDS,203,Girl,2,1636591133
287,Sarah Erickson,455,Travel method,2,1621678979
10,Michael Nelson,29,Seek bill,2,1611827454
30,William Mathis,202,Stock understand,4,1635000974
244,Alexandra Cooper,93,Source campaign prove,2,1633323110
274,William Hartman,329,Become career both program,5,1623384994
88,Christopher Wright,356,Whether interview drug,2,1633389036
244,Alexandra Cooper,176,Of need,3,1629548105
15,Christine Perry,330,Speak than,5,1639371318
4,Kyle Rios,211,Training most,3,1630859713
191,Stephanie Harrison,184,Challenge second,5,1634022635
168,Kevin Weeks,95,Maybe wait protect,1,1632273467
9,Daniel Johnson,273,Watch vote,5,1621280279
109,Mary Young,137,Bring money grow,5,1632826843
137,Cory Mcbride,237,Room situation,3,1620546069
154,Brett Park,353,Wonder scientist statement,3,1628954539
209,Hector Morris,418,Market together kitchen,5,1616763423
272,Todd Conley,429,Science follow skill,5,1625780574
143,Ashley Marsh DDS,472,Best nice off,4,1629593426
99,Brittany Johnson,265,Letter family,1,1616620978
69,Dawn Tyler,135,Brother,1,1634065876
247,Brittney Hoffman,144,Evidence energy,2,1635634178
261,Albert Lopez,19,Particular plan,5,1631240191
276,Claudia Wells,231,Again sport,5,1637634629
79,Karen Delgado,134,Young interest,5,1615476895
146,Christopher Evans,114,Discuss right ready,5,1635587457
111,Samuel Nunez,499,Air event,1,1625231724
258,Michael Hansen,139,Conference discuss why,3,1615382586
93,Katie Carter,125,Necessary,4,1613175035
13,Jason Herrera,204,About ever consumer,3,1612688090
260,Jared Flores,61,Point treatment,3,1633265864
109,Mary Young,250,Few their,1,1618272332
189,Rebekah Hunt,298,Natural effect citizen effort,4,1620351230
95,Chase Morton,13,Identify brother culture,5,1631558902
105,Brandon Cunningham,396,Perform,1,1621887757
8,Hannah Hendrix,255,Safe spring,1,1634152754
67,Andre Santana,85,Walk,4,1636748426
191,Stephanie Harrison,458,Talk,2,1618187343
256,Andre Owen,20,Set within beyond,1,1618148873
9,Daniel Johnson,50,Imagine raise before,3,1615559635
117,Christopher Simmons,164,Indicate factor,3,1623870287
267,Bradley Bowman,92,High same several,5,1627359355
99,Brittany Johnson,88,Huge fill eye,1,1613810361
298,Jessica Williams,69,Impact nothing,5,1619084321
164,Kara Ramirez,37,Doctor day too,1,1639441016
141,Sydney Thompson,253,Its young,4,1609556047
268,Kylie Tyler,252,Some site these leg,1,1633321165
37,Jennifer Dudley,140,You forget,2,1636274228
74,Anna Perkins,355,Yard impact information,3,1621715729
73,Karen Arnold,381,Out outside PM,4,1616275301
199,Kelly Zimmerman,168,Age evening,3,1609718918
130,Crystal Arroyo,54,Place population order,5,1635526060
246,Emily Hensley,386,Resource about with,4,1640177249
60,Spencer Huffman,178,During learn threat,2,1618033134
279,Cristina Gonzalez,297,Religious look better interest,3,1636017904
103,Christopher Santiago,301,Heavy late each,1,1625985068
296,Blake Griffin,359,Question window,1,1610006726
151,Justin Hernandez,106,Cold various,1,1619252704
157,Adam Arnold,137,Bring money grow,4,1620389154
206,Yvonne Diaz MD,190,My feeling,2,1619461555
179,Jerry Wells,128,Its,2,1615716977
197,Briana Wright,342,Skill measure,2,1614263270
223,Andrea Graham,47,Those actually property,3,1639413012
89,Katelyn Conrad,5,According yard the fact,4,1619942128
287,Sarah Erickson,460,Compare arrive member,1,1620186779
276,Claudia Wells,257,Also yard,3,1617590111
236,Justin Michael,300,Blood skill name,2,1629140523
183,Anita Johnson,150,Campaign court,1,1621450831
209,Hector Morris,294,Marriage kind,4,1630102327
130,Crystal Arroyo,243,Daughter never interesting,5,1629300361
153,Sean Alvarez MD,275,Receive scene leader,2,1630680214
13,Jason Herrera,208,Research school sometimes,2,1611001263
122,Leah Larson,415,Type world,2,1611005875
220,Laura Williams,115,Position well defense,2,1616935153
106,Joshua Soto,195,Mouth its,1,1626392206
70,Amanda Walton,343,Key road green,4,1640759807
195,Eric Guzman,170,But perform body,3,1611382070
186,Kevin Soto,379,Next speech,1,1637712682
99,Brittany Johnson,82,Director work,4,1638093873
82,Brianna Hall,154,Write administration,3,1631305477
75,Richard Walker,141,Right traditional,2,1636356095
192,Brandi Sanchez,314,Civil boy cell,4,1625710752
214,Evan Ramos,146,Traditional sea central late,2,1626740285
144,Tonya Lozano,323,Feeling front,4,1634786358
216,Christopher Lewis,122,Administration food check,5,1623481254
15,Christine Perry,252,Some site these leg,2,1625701259
217,Barbara Mckenzie,343,Key road green,2,1636943219
35,Mrs. Mary Rodriguez,387,Box respond dinner,2,1613364766
183,Anita Johnson,311,Military control fly state,1,1635844532
270,Brenda Gray,89,Benefit best,3,1612460321
100,Miranda Watson,475,Interest main,2,1622878888
7,Jessica Williams,58,Forward husband model,2,1624641289
30,William Mathis,492,Computer within,1,1627615027
144,Tonya Lozano,63,Matter speak price political,1,1622224842
111,Samuel Nunez,347,Research seek,5,1636819640
232,Benjamin Pruitt,308,Positive help base,4,1624991565
179,Jerry Wells,487,Black purpose remember,2,1609887746
72,Sarah Olson,473,Cover party,4,1622122424
210,Amanda Harrington,382,Trouble source,1,1615253382
220,Laura Williams,280,Method station,1,1637281027
80,Alice Jones,72,Executive course follow,5,1627169190
83,Angela Bryant,9,Cause during,3,1619845167
42,Keith Ross,366,Drive debate,1,1628694269
273,Jennifer Atkinson,421,Number after stop,2,1609856073
191,Stephanie Harrison,94,Between attention others,5,1638384462
173,Michele Simmons,373,Beat particularly age sit,3,1639189391
7,Jessica Williams,339,Mean before response,5,1622504101
155,Joshua Snyder,437,Floor,1,1640887043
10,Michael Nelson,336,Kid fire,3,1632397827
34,James Davis,152,Surface reflect,4,1628478839
36,Michele Garcia,492,Computer within,3,1622683254
6,Crystal Jensen,405,Attention plant yeah,2,1628247450
215,Jamie Holland,356,Whether interview drug,4,1627531221
134,Jeffrey Jones,40,Issue month whom rise,4,1612684245
285,Tara Hall,359,Question window,2,1612882192
126,Joshua Williams,495,Near suffer loss,4,1640055788
174,Emily Day DDS,62,Which suffer,1,1610073313
152,Brad Hubbard,254,Page,3,1620737375
26,Holly Hoffman,454,Respond again education,3,1635933171
115,Rebecca Smith,69,Impact nothing,2,1628662341
284,Crystal Jackson,398,Face soldier,1,1610578101
75,Richard Walker,245,Remain team,4,1640526176
166,Gregory Lin,365,Set pretty,3,1629167879
189,Rebekah Hunt,170,But perform body,3,1612233585
78,Danielle Williamson,178,During learn threat,3,1618910716
90,Jeffrey Parker,189,Avoid myself,3,1626908340
176,Kathy Cantrell,260,Rich head,5,1634178531
21,Ariel Ellis,72,Executive course follow,2,1615745540
54,Michelle Green,472,Best nice off,4,1631587012
184,Tanya Harris,459,Figure civil environmental,4,1609872942
222,Catherine Hernandez,17,Station ask,2,1629054409
179,Jerry Wells,370,Next wind home,1,1640838183
276,Claudia Wells,341,Local letter especially,2,1612429433
112,Stephanie Nichols,57,Leave statement,3,1638704262
224,Connie Sullivan,218,According stop collection,3,1640938123
214,Evan Ramos,107,Recent among pick laugh,2,1634583901
59,Michael Mata,304,Report area bed,2,1622105240
109,Mary Young,428,Paper adult well determine,4,1628900379
157,Adam Arnold,173,Create especially include,4,1628298154
191,Stephanie Harrison,219,Example security,5,1623947340
200,Christina Martinez,464,Other,5,1639285934
196,Michelle Taylor,247,Beat too this,3,1635726384
35,Mrs. Mary Rodriguez,218,According stop collection,5,1629207893
246,Emily Hensley,373,Beat particularly age sit,5,1631276853
237,Wyatt Case,417,Change technology bed,1,1625161489
104,Zoe Scott,31,South activity bring coach,2,1626123290
7,Jessica Williams,368,Turn wear,4,1611176263
283,Carrie Pacheco,47,Those actually property,5,1638148997
1,Robert Humphrey,134,Young interest,4,1612713930
219,Michael Thornton,108,Indeed task,5,1633212636
230,John Miller,72,Executive course follow,5,1617323129
172,Victoria Newton,327,Audience single,3,1611251560
87,Elizabeth Moore,418,Market together kitchen,1,1617865209
41,Carrie Tucker,108,Indeed task,2,1632412228
123,Cynthia Howell,309,Require world late,2,1630675093
298,Jessica Williams,398,Face soldier,3,1628061882
178,Charles Smith,272,Not,3,1619008430
63,David English,171,Loss,2,1625164021
165,Patrick Brown,116,Window suddenly,2,1638044867
187,David Lee,329,Become career both program,1,1609966111
209,Hector Morris,74,Lose none,5,1622392274
227,Amy Day,256,Beat conference,1,1616005228
48,Laura Knox,81,Body size,2,1611418976
224,Connie Sullivan,268,Middle turn,5,1631433728
3,Sarah Adams,128,Its,2,1610000053
175,Ryan Schneider,326,Over true star,1,1614184621
99,Brittany Johnson,403,Myself describe guy financial,1,1621250216
116,Samantha Liu,235,Direction phone eye,1,1625263863
270,Brenda Gray,41,Us nature city,5,1627713643
253,Joshua Harper,181,Bad all space,4,1637737841
95,Chase Morton,157,Guess yourself,4,1619942184
273,Jennifer Atkinson,454,Respond again education,2,1629359367
24,Shannon Guerrero,59,Far carry until,5,1632609695
116,Samantha Liu,345,Nice garden,3,1612119581
151,Justin Hernandez,249,Class young success,4,1612331821
50,Patricia Campbell,192,Side future nor,5,1637620147
206,Yvonne Diaz MD,24,Possible during,5,1633000287
79,Karen Delgado,473,Cover party,4,1630964184
70,Amanda Walton,400,Speak able list,5,1636979681
27,Mary Ford,436,Send test enough,5,1627074364
271,Cynthia Hall,80,Sister down civil,4,1612226784
50,Patricia Campbell,134,Young interest,1,1638759308
292,Yvette Rice,421,Number after stop,2,1623450200
247,Brittney Hoffman,213,Appear spring address,3,1633989353
264,Daniel Green,388,Argue during,2,1613803175
79,Karen Delgado,482,Practice truth seat the,1,1621643494
190,Amber Hunter,348,Relate woman performance,1,1639949949
47,Carol Jones MD,166,Yeah inside year,5,1626402876
189,Rebekah Hunt,425,As piece at,2,1632908919
256,Andre Owen,348,Relate woman performance,1,1626811307
222,Catherine Hernandez,337,Safe necessary standard,2,1617136112
241,Rhonda Harrell,398,Face soldier,1,1626969208
269,Christine Kline,71,Similar much investment,3,1612037035
1,Robert Humphrey,214,Recent kitchen scientist,1,1616625711
34,James Davis,435,Lawyer use,2,1620427465
79,Karen Delgado,65,Party have adult,5,1621289144
236,Justin Michael,221,Instead way,2,1640066782
98,Christian Carr,308,Positive help base,4,1639647754
82,Brianna Hall,479,Through resource,2,1613123864
192,Brandi Sanchez,286,Growth than,3,1629594812
253,Joshua Harper,185,Born affect later,3,1623329791
38,Omar Ford,207,Much poor paper,3,1632897325
14,Jon Orr,466,Air while where,1,1627408181
209,Hector Morris,99,Certainly special relationship,3,1636813299
89,Katelyn Conrad,242,International not foreign,2,1611276524
56,Laura Sanders,158,Southern door,5,1619909153
94,Richard Johnson,98,Long various indicate,3,1625999866
93,Katie Carter,42,Young somebody look improve,2,1634481286
85,Eric Jones,139,Conference discuss why,1,1635360736
245,Shannon Morrison,283,Congress option,1,1619525693
22,Christopher Johnson,408,Only although boy,5,1614919992
291,Tina Edwards,227,Analysis tree their,5,1612895458
272,Todd Conley,423,Strategy authority through,2,1610050140
122,Leah Larson,72,Executive course follow,5,1619253363
128,Lisa Jones,243,Daughter never interesting,5,1614538059
113,Diamond White,18,I process,1,1621273220
273,Jennifer Atkinson,77,All consumer,2,1613504843
130,Crystal Arroyo,45,Capital prove,5,1638590940
132,Raven Williams,472,Best nice off,2,1612517282
85,Eric Jones,371,Participant call final,3,1630567379
81,Gary Contreras,343,Key road green,1,1618584507
69,Dawn Tyler,140,You forget,1,1629169039
148,Micheal Gomez,177,Detail including south,1,1623494173
16,Robert Dunn,222,Relate service,4,1618902472
105,Brandon Cunningham,415,Type world,2,1615792700
165,Patrick Brown,92,High same several,3,1617743817
201,John Scott,22,Yet to low,5,1635341772
197,Briana Wright,172,Recognize physical per hold,3,1629523759
185,Emily Baker,92,High same several,2,1635676605
265,Laura King,192,Side future nor,1,1629681491
100,Miranda Watson,77,All consumer,4,1639097692
214,Evan Ramos,281,Market response,2,1625296831
278,Ashley Hansen,364,Reality plant,2,1632560568
162,Robert Mcpherson,179,Beat military experience,5,1616485699
157,Adam Arnold,238,Involve cut,3,1637292845
251,Erik Jones,135,Brother,3,1617764720
97,Douglas Trujillo,365,Set pretty,5,1634099227
18,Ryan Barton,390,Impact century,4,1615462372
97,Douglas Trujillo,280,Method station,1,1632894072
1,Robert Humphrey,19,Particular plan,1,1625337858
216,Christopher Lewis,83,He fill but state,4,1622518820
132,Raven Williams,228,Discuss manage house,5,1623900591
260,Jared Flores,371,Participant call final,2,1619271826
125,Anthony Williams,265,Letter family,3,1615156827
82,Brianna Hall,112,Once,2,1613036882
283,Carrie Pacheco,251,Hour such name,3,1625359632
171,Dana Howard,164,Indicate factor,2,1611913169
59,Michael Mata,358,Avoid product,5,1618362321
32,Nicole Fischer,168,Age evening,5,1628095864
161,Michael Fox,221,Instead way,4,1626510422
284,Crystal Jackson,408,Only although boy,2,1635250727
106,Joshua Soto,304,Report area bed,2,1630498993
105,Brandon Cunningham,191,Much certainly bed forget,4,1628703560
228,Madeline Durham,325,State nearly,4,1629928220
188,Amber Michael,437,Floor,5,1634695209
70,Amanda Walton,438,Rule rest Democrat,5,1636398364
290,Sonia Ward,170,But perform body,2,1629041217
87,Elizabeth Moore,375,Husband picture,5,1631872123
56,Laura Sanders,45,Capital prove,5,1623753872
113,Diamond White,381,Out outside PM,2,1634632823
13,Jason Herrera,474,Floor since push,4,1627020908
18,Ryan Barton,14,Similar professor security,2,1629165147
182,Christina Jones,231,Again sport,1,1613605354
113,Diamond White,157,Guess yourself,2,1623873391
229,Olivia Whitney,500,Economy agent,1,1637370163
171,Dana Howard,134,Young interest,2,1634371494
295,Cynthia Butler,391,Maybe,1,1622591547
189,Rebekah Hunt,37,Doctor day too,1,1621332317
79,Karen Delgado,53,Agency happy pay,2,1636743090
146,Christopher Evans,18,I process,5,1624989395
182,Christina Jones,471,Personal suddenly,3,1626508175
286,Richard Carroll,492,Computer within,5,1629432929
250,Brenda Collins,38,Enjoy,1,1611907085
196,Michelle Taylor,187,Project ahead,2,1615981785
71,Emily Long,385,As give middle,2,1625638867
248,Diana Wright,196,Hour party,2,1636014761
146,Christopher Evans,243,Daughter never interesting,2,1633885490
106,Joshua Soto,300,Blood skill name,3,1617189143
263,Joel Murray,303,Believe serve important,4,1631326570
296,Blake Griffin,35,Perform company,1,1615019729
70,Amanda Walton,215,Base will,3,1625263871
193,Ms. Jennifer Jones DVM,219,Example security,5,1612696746
68,Luke Clark,316,Line concern,4,1620330056
52,Chelsey Parker,90,Week task,4,1618372242
285,Tara Hall,308,Positive help base,2,1613637436
9,Daniel Johnson,252,Some site these leg,3,1632412777
251,Erik Jones,8,Development away,5,1613039709
298,Jessica Williams,256,Beat conference,2,1616513086
184,Tanya Harris,363,Stock per forget service,2,1629285017
179,Jerry Wells,208,Research school sometimes,1,1629491966
198,Lindsey Wu,425,As piece at,4,1617032030
128,Lisa Jones,131,Pull certain professional,5,1618898978
20,Emily Casey,224,Season hour low,4,1621594434
65,Kristin Harding,197,Full push myself,3,1620133687
182,Christina Jones,468,Too pull,1,1613025575
241,Rhonda Harrell,142,None per,2,1626450172
24,Shannon Guerrero,252,Some site these leg,1,1626883228
83,Angela Bryant,96,Lot professor establish,2,1634188933
185,Emily Baker,26,Central goal story class,1,1618530739
99,Brittany Johnson,111,Reach generation body,2,1624642176
62,Amy Stuart,454,Respond again education,4,1625647027
286,Richard Carroll,123,Film those feeling,4,1624707489
22,Christopher Johnson,186,Road inside,4,1617703282
212,Suzanne Petty,484,Particularly sense collection protect,4,1638485755
126,Joshua Williams,168,Age evening,1,1617274502
42,Keith Ross,51,Most and,2,1627772234
98,Christian Carr,379,Next speech,4,1620686858
31,Mr. Jesse Stevens,5,According yard the fact,1,1625950499
158,Mr. Justin Ramos,77,All consumer,2,1613975699
112,Stephanie Nichols,160,Parent draw major,1,1624600382
247,Brittney Hoffman,208,Research school sometimes,4,1612944975
122,Leah Larson,257,Also yard,3,1628934846
273,Jennifer Atkinson,205,Top idea,1,1623952324
294,Hannah Daniels,255,Safe spring,4,1627616087
207,Richard Thomas,438,Rule rest Democrat,5,1637343773
110,David Torres,11,Open who between,2,1638682525
278,Ashley Hansen,437,Floor,4,1640519014
56,Laura Sanders,8,Development away,5,1614908920
57,Sarah Miller,409,Us free body,1,1627445103
291,Tina Edwards,424,Mind account low,1,1626089966
114,Kyle Gonzalez,32,Station risk although,5,1616790756
198,Lindsey Wu,472,Best nice off,5,1638713824
179,Jerry Wells,28,Outside since full,2,1617885267
219,Michael Thornton,206,Walk form magazine election,1,1612743669
277,Peter Miller,493,Pm director PM,5,1626457237
16,Robert Dunn,387,Box respond dinner,3,1624878440
61,Benjamin Smith,228,Discuss manage house,3,1626321401
54,Michelle Green,128,Its,5,1629024444
168,Kevin Weeks,255,Safe spring,2,1623808532
26,Holly Hoffman,475,Interest main,1,1619116068
65,Kristin Harding,212,Officer when represent,3,1617583861
100,Miranda Watson,239,Drug end image,5,1628856090
74,Anna Perkins,207,Much poor paper,5,1609658469
192,Brandi Sanchez,318,Answer language,4,1632776610
171,Dana Howard,283,Congress option,5,1621934373
273,Jennifer Atkinson,245,Remain team,2,1621081831
187,David Lee,45,Capital prove,3,1621442363
23,Joshua Mccoy,105,Military stand,4,1624449349
181,Angela Myers,348,Relate woman performance,3,1618890015
108,Holly Ward,281,Market response,3,1633162063
162,Robert Mcpherson,234,Participant imagine final,2,1629158875
206,Yvonne Diaz MD,189,Avoid myself,5,1634491855
78,Danielle Williamson,44,Approach career,2,1621661594
16,Robert Dunn,494,Occur almost us,5,1636818676
96,Michael Cohen,225,Little husband,4,1637895380
147,Jacob Miller,430,Time scientist,2,1626980197
2,Rebecca Casey,142,None per,2,1631033853
10,Michael Nelson,136,Too best,1,1638133861
125,Anthony Williams,176,Of need,2,1634221589
81,Gary Contreras,142,None per,1,1612809746
140,Michael Thomas,449,Material television,5,1620636446
150,Denise Cook,80,Sister down civil,5,1617880851
288,Anna Schultz,82,Director work,5,1630828014
129,Heather Griffin,135,Brother,1,1625241746
239,Justin Stephens,207,Much poor paper,5,1617334657
58,Jacqueline Aguilar,344,Measure also watch movie,3,1626232871
198,Lindsey Wu,177,Detail including south,2,1631770790
211,Scott Welch PhD,383,So various,1,1640134746
45,Brittany Moses,243,Daughter never interesting,5,1634755143
97,Douglas Trujillo,55,Out outside move,3,1614604140
279,Cristina Gonzalez,141,Right traditional,2,1624149429
23,Joshua Mccoy,457,Need often,2,1610639642
44,Marie Garcia,440,Report consider,5,1633983310
27,Mary Ford,56,Look low,3,1619640459
282,David Campbell,15,Trouble ground,1,1616674030
97,Douglas Trujillo,185,Born affect later,5,1613228109
36,Michele Garcia,314,Civil boy cell,2,1632515782
109,Mary Young,419,Protect,2,1640160784
55,James Scott,88,Huge fill eye,2,1617032921
192,Brandi Sanchez,97,Soldier,5,1631275236
219,Michael Thornton,144,Evidence energy,4,1614718291
185,Emily Baker,8,Development away,4,1611643017
69,Dawn Tyler,477,Option,4,1623019154
130,Crystal Arroyo,215,Base will,3,1626899153
55,James Scott,173,Create especially include,5,1614317725
97,Douglas Trujillo,223,Watch crime them,2,1619307421
87,Elizabeth Moore,40,Issue month whom rise,3,1627752791
294,Hannah Daniels,497,Truth character,4,1619054409
119,Michael Perez,182,Enter main cover,1,1611946366
208,Nicholas Nelson,270,Window whether,3,1623913921
154,Brett Park,187,Project ahead,3,1640934757
35,Mrs. Mary Rodriguez,245,Remain team,5,1623049055
79,Karen Delgado,478,Back past which conference,3,1630948002
67,Andre Santana,309,Require world late,5,1628155186
34,James Davis,231,Again sport,1,1613020772
97,Douglas Trujillo,383,So various,2,1631823686
169,Christina Wallace,155,During lose image write,2,1638424390
169,Christina Wallace,175,Near heart room,4,1633342106
151,Justin Hernandez,336,Kid fire,4,1625120265
71,Emily Long,115,Position well defense,1,1626713952
3,Sarah Adams,390,Impact century,2,1618232746
32,Nicole Fischer,311,Military control fly state,4,1627485878
287,Sarah Erickson,481,Whom quite involve,3,1609906118
82,Brianna Hall,300,Blood skill name,5,1611816069
43,Angela Thornton,18,I process,4,1618793989
105,Brandon Cunningham,272,Not,1,1626899276
1,Robert Humphrey,12,Writer role then,2,1616803247
61,Benjamin Smith,404,Agent address,1,1614134092
270,Brenda Gray,301,Heavy late each,5,1630036737
180,Kristen Fuentes,192,Side future nor,5,1625175762
224,Connie Sullivan,232,In population,1,1614677554
6,Crystal Jensen,443,Explain nature future,4,1609780156
103,Christopher Santiago,93,Source campaign prove,4,1623622802
10,Michael Nelson,478,Back past which conference,2,1626245617
71,Emily Long,218,According stop collection,2,1634129784
90,Jeffrey Parker,278,Far here free,3,1628192895
226,Kelly Montgomery,353,Wonder scientist statement,3,1622062053
158,Mr. Justin Ramos,487,Black purpose remember,2,1637589249
228,Madeline Durham,303,Believe serve important,3,1616857650
126,Joshua Williams,29,Seek bill,1,1615423129
209,Hector Morris,470,Nation us half run,4,1611860037
97,Douglas Trujillo,301,Heavy late each,3,1611999507
74,Anna Perkins,77,All consumer,3,1621063958
115,Rebecca Smith,9,Cause during,1,1611936565
191,Stephanie Harrison,24,Possible during,5,1614857102
170,Joseph Gonzalez,15,Trouble ground,2,1624784517
204,Krista Gregory,164,Indicate factor,1,1626959579
56,Laura Sanders,13,Identify brother culture,5,1617999522
208,Nicholas Nelson,347,Research seek,1,1615161802
41,Carrie Tucker,172,Recognize physical per hold,4,1622083719
32,Nicole Fischer,357,Population before next west,1,1615126584
15,Christine Perry,327,Audience single,1,1620289969
62,Amy Stuart,200,Say and let,4,1613125808
155,Joshua Snyder,485,Pm woman sure,2,1619435122
284,Crystal Jackson,489,Amount anything tree,5,1617591282
209,Hector Morris,462,Sing age,3,1634354687
187,David Lee,378,American practice,2,1613294551
130,Crystal Arroyo,76,People nearly body,1,1638886911
127,William Shaw,164,Indicate factor,3,1636010644
292,Yvette Rice,372,Certain economy factor,4,1634362096
114,Kyle Gonzalez,61,Point treatment,2,1613420154
199,Kelly Zimmerman,488,Discussion board,5,1625987363
13,Jason Herrera,465,Office likely purpose,2,1627222342
271,Cynthia Hall,424,Mind account low,2,1638251076
89,Katelyn Conrad,245,Remain team,3,1610260793
215,Jamie Holland,477,Option,4,1611429438
278,Ashley Hansen,382,Trouble source,4,1637632220
203,Craig King,155,During lose image write,2,1636749839
74,Anna Perkins,257,Also yard,4,1616491397
25,Donald Stark,244,Within history,3,1621393485
101,Roger Collier,162,As everybody,3,1617161337
176,Kathy Cantrell,68,Great season space,5,1620703667
117,Christopher Simmons,344,Measure also watch movie,4,1627448065
166,Gregory Lin,277,Bad dog image,5,1621950168
41,Carrie Tucker,161,Collection,1,1615669214
120,Stephanie Gutierrez,391,Maybe,3,1623231089
97,Douglas Trujillo,449,Material television,2,1627075953
145,Charlotte Gordon,489,Amount anything tree,3,1635474892
216,Christopher Lewis,259,Can fly,1,1631869819
229,Olivia Whitney,492,Computer within,2,1637901457
130,Crystal Arroyo,307,Record magazine,4,1628588496
137,Cory Mcbride,335,Bill team about join,4,1611253484
273,Jennifer Atkinson,95,Maybe wait protect,3,1637339099
117,Christopher Simmons,438,Rule rest Democrat,2,1634170315
94,Richard Johnson,464,Other,2,1628609954
168,Kevin Weeks,458,Talk,5,1628432469
203,Craig King,246,Like realize popular,1,1611254950
149,Tommy Stephens,221,Instead way,4,1619545728
183,Anita Johnson,123,Film those feeling,3,1638191101
152,Brad Hubbard,187,Project ahead,2,1613809316
74,Anna Perkins,262,Look sometimes central,4,1640230676
274,William Hartman,413,Matter agreement,3,1623121664
42,Keith Ross,273,Watch vote,4,1635844739
212,Suzanne Petty,373,Beat particularly age sit,3,1629393375
101,Roger Collier,60,Read return,4,1628268601
45,Brittany Moses,406,Over act,5,1631613696
82,Brianna Hall,408,Only although boy,1,1612850828
17,Randy Gonzalez,125,Necessary,4,1619970221
73,Karen Arnold,337,Safe necessary standard,1,1623378094
14,Jon Orr,341,Local letter especially,4,1625584336
157,Adam Arnold,51,Most and,2,1630384331
223,Andrea Graham,178,During learn threat,5,1613816318
132,Raven Williams,139,Conference discuss why,5,1618899974
47,Carol Jones MD,440,Report consider,1,1616129526
107,Tracy Riddle,327,Audience single,2,1640049202
108,Holly Ward,170,But perform body,3,1626848246
265,Laura King,39,Maybe kind certain,5,1638832898
205,Nicole Kerr,69,Impact nothing,2,1618079409
79,Karen Delgado,236,Eat may usually,2,1631985694
155,Joshua Snyder,48,Indicate industry contain,1,1620951907
271,Cynthia Hall,381,Out outside PM,2,1636469565
247,Brittney Hoffman,57,Leave statement,2,1629359257
19,Tyler Franco,277,Bad dog image,3,1628721602
26,Holly Hoffman,338,Result it less eye,1,1623041899
217,Barbara Mckenzie,99,Certainly special relationship,1,1630837302
154,Brett Park,404,Agent address,2,1640768155
154,Brett Park,15,Trouble ground,3,1635928619
174,Emily Day DDS,325,State nearly,4,1635487824
92,Jonathan Gonzales,461,Event strong summer,5,1639765157
181,Angela Myers,179,Beat military experience,1,1615261166
131,George Smith,332,Left good,3,1632174109
298,Jessica Williams,62,Which suffer,3,1620754241
275,Wendy Fox,119,Site media operation,2,1636384903
273,Jennifer Atkinson,469,Hair free north,5,1621917197
76,Susan Cannon,37,Doctor day too,1,1640242020
177,Kevin Martinez,134,Young interest,4,1625086946
184,Tanya Harris,455,Travel method,2,1639557225
131,George Smith,26,Central goal story class,1,1634391910
49,Crystal Gutierrez,490,To modern,1,1627536189
55,James Scott,496,Despite recent,3,1614828106
154,Brett Park,8,Development away,5,1616981438
200,Christina Martinez,457,Need often,4,1618492494
118,John Johnston,475,Interest main,5,1629710017
263,Joel Murray,4,Address way thousand,3,1631487460
46,Steven Craig,21,Book job left,4,1640609642
189,Rebekah Hunt,415,Type world,4,1629907551
129,Heather Griffin,149,Us social,2,1635162663
49,Crystal Gutierrez,488,Discussion board,4,1619607807
25,Donald Stark,25,Happy hear,1,1618444172
266,Joe Mora,487,Black purpose remember,5,1618679402
118,John Johnston,143,Seat huge,5,1624057870
144,Tonya Lozano,245,Remain team,2,1639566752
200,Christina Martinez,419,Protect,4,1631568370
157,Adam Arnold,433,Reach wall only,3,1611413775
134,Jeffrey Jones,43,Region few,1,1640358898
148,Micheal Gomez,425,As piece at,2,1628774412
71,Emily Long,293,Material,4,1630391542
233,Emily Dunn,185,Born affect later,3,1613364437
299,April Stevens,42,Young somebody look improve,4,1634362518
154,Brett Park,431,Choice catch,2,1636893987
90,Jeffrey Parker,92,High same several,3,1621023274
199,Kelly Zimmerman,317,Sign,3,1619420593
161,Michael Fox,398,Face soldier,3,1610756209
26,Holly Hoffman,324,Even young increase from,3,1620254025
121,Alyssa Patel,53,Agency happy pay,4,1612989520
212,Suzanne Petty,84,Natural opportunity,3,1621774173
63,David English,34,Order line,4,1627870348
68,Luke Clark,76,People nearly body,3,1635959325
253,Joshua Harper,353,Wonder scientist statement,3,1609554872
2,Rebecca Casey,408,Only although boy,2,1624160749
108,Holly Ward,404,Agent address,4,1637994525
286,Richard Carroll,197,Full push myself,4,1617359814
49,Crystal Gutierrez,486,Situation sell blood,5,1634415881
140,Michael Thomas,286,Growth than,2,1634233442
218,Rachel Michael DDS,88,Huge fill eye,4,1628901825
44,Marie Garcia,235,Direction phone eye,2,1628857949
269,Christine Kline,232,In population,2,1617876178
78,Danielle Williamson,7,Its my,2,1623634726
216,Christopher Lewis,292,System understand,1,1638532132
98,Christian Carr,38,Enjoy,4,1640111611
236,Justin Michael,464,Other,2,1620747864
282,David Campbell,52,Shake until,1,1629101473
149,Tommy Stephens,143,Seat huge,1,1636741110
66,Edgar Rowe,430,Time scientist,3,1613566206
234,Diane Powell,407,Have almost,3,1633271289
87,Elizabeth Moore,396,Perform,4,1612906197
79,Karen Delgado,221,Instead way,3,1621978021
205,Nicole Kerr,428,Paper adult well determine,4,1629861901
279,Cristina Gonzalez,240,Institution hundred old,1,1639644863
254,Michael Johnson,143,Seat huge,1,1638247718
130,Crystal Arroyo,349,Man leg industry,4,1639010485
84,Aaron Adams,493,Pm director PM,3,1622917249
276,Claudia Wells,363,Stock per forget service,3,1635992287
187,David Lee,382,Trouble source,4,1614325802
46,Steven Craig,49,Stage,5,1621333172
183,Anita Johnson,277,Bad dog image,3,1640188072
268,Kylie Tyler,271,Coach cold,2,1612251399
296,Blake Griffin,14,Similar professor security,3,1637710809
100,Miranda Watson,298,Natural effect citizen effort,5,1631767647
78,Danielle Williamson,492,Computer within,1,1614414321
272,Todd Conley,464,Other,1,1633220542
162,Robert Mcpherson,15,Trouble ground,1,1620518208
44,Marie Garcia,234,Participant imagine final,3,1610306894
238,Amanda Bradley,63,Matter speak price political,1,1636295043
134,Jeffrey Jones,196,Hour party,5,1639076419
192,Brandi Sanchez,27,Talk accept within,5,1616419419
278,Ashley Hansen,471,Personal suddenly,3,1626904841
18,Ryan Barton,93,Source campaign prove,2,1626457418
12,Jack Flores,105,Military stand,3,1611714225
180,Kristen Fuentes,309,Require world late,1,1610615958
123,Cynthia Howell,52,Shake until,3,1638394172
246,Emily Hensley,319,Sense spend,5,1632426030
222,Catherine Hernandez,457,Need often,3,1632338434
51,Jason Martinez,181,Bad all space,3,1623567846
71,Emily Long,57,Leave statement,2,1619379814
48,Laura Knox,120,Task card,5,1628625680
19,Tyler Franco,308,Positive help base,4,1636240405
262,Scott Henson,363,Stock per forget service,4,1638282867
84,Aaron Adams,43,Region few,5,1630681434
155,Joshua Snyder,135,Brother,4,1619604983
53,Brittney Small PhD,373,Beat particularly age sit,1,1614603663
107,Tracy Riddle,426,Include here,4,1610469327
135,Deborah Brown,260,Rich head,1,1612858983
69,Dawn Tyler,197,Full push myself,5,1630035714
11,Renee Hall,133,Also mind,4,1639537459
143,Ashley Marsh DDS,459,Figure civil environmental,4,1612126624
192,Brandi Sanchez,255,Safe spring,1,1622708521
69,Dawn Tyler,489,Amount anything tree,1,1631289473
23,Joshua Mccoy,220,Rise dream fire,3,1633290534
181,Angela Myers,336,Kid fire,2,1618493950
293,Nicole Burns MD,41,Us nature city,4,1619878701
9,Daniel Johnson,478,Back past which conference,2,1619294255
271,Cynthia Hall,388,Argue during,2,1609936410
93,Katie Carter,255,Safe spring,4,1619681275
17,Randy Gonzalez,2,Pass simple southern,1,1626327054
154,Brett Park,494,Occur almost us,3,1626043244
149,Tommy Stephens,195,Mouth its,5,1627044280
267,Bradley Bowman,242,International not foreign,4,1621739305
106,Joshua Soto,149,Us social,4,1640364296
35,Mrs. Mary Rodriguez,198,College camera fill,5,1629448040
119,Michael Perez,299,Deep,2,1636439173
14,Jon Orr,245,Remain team,3,1613854711
14,Jon Orr,338,Result it less eye,2,1611992504
266,Joe Mora,108,Indeed task,5,1614282827
140,Michael Thomas,453,Cut four,5,1614147101
294,Hannah Daniels,393,However ready,3,1628609462
119,Michael Perez,212,Officer when represent,5,1617613651
238,Amanda Bradley,156,Peace certain,5,1625960061
34,James Davis,26,Central goal story class,3,1619785811
169,Christina Wallace,82,Director work,4,1617611829
10,Michael Nelson,83,He fill but state,2,1609640813
122,Leah Larson,131,Pull certain professional,4,1638319386
145,Charlotte Gordon,329,Become career both program,4,1625439571
223,Andrea Graham,100,Least outside five mother,2,1633579962
257,Jason Hill,256,Beat conference,4,1625736966
268,Kylie Tyler,479,Through resource,3,1620832615
4,Kyle Rios,49,Stage,2,1610474205
106,Joshua Soto,401,Manager senior factor,1,1615809863
85,Eric Jones,63,Matter speak price political,4,1615767041
214,Evan Ramos,311,Military control fly state,5,1634774413
121,Alyssa Patel,407,Have almost,2,1631348617
132,Raven Williams,290,Left remember,1,1631504177
197,Briana Wright,105,Military stand,5,1615075985
19,Tyler Franco,105,Military stand,1,1633806353
130,Crystal Arroyo,325,State nearly,4,1611020303
12,Jack Flores,15,Trouble ground,5,1629803315
81,Gary Contreras,175,Near heart room,4,1636780484
262,Scott Henson,259,Can fly,5,1624511923
125,Anthony Williams,211,Training most,2,1640379876
267,Bradley Bowman,412,Apply capital school,3,1609712467
140,Michael Thomas,259,Can fly,3,1633248662
2,Rebecca Casey,102,Defense defense,1,1631289183
8,Hannah Hendrix,260,Rich head,5,1621360937
250,Brenda Collins,344,Measure also watch movie,4,1623439805
139,Sherry Kennedy,159,Fine option,2,1623150284
124,Lisa Scott,45,Capital prove,2,1613115504
228,Madeline Durham,443,Explain nature future,2,1625058481
10,Michael Nelson,301,Heavy late each,3,1612101068
212,Suzanne Petty,251,Hour such name,4,1611618512
112,Stephanie Nichols,331,If radio range,2,1621452923
8,Hannah Hendrix,165,Team Republican,2,1639162201
292,Yvette Rice,193,Seem time,1,1626297259
253,Joshua Harper,9,Cause during,5,1622458331
14,Jon Orr,401,Manager senior factor,5,1615044393
240,Manuel Carter,374,Provide control economic,5,1636554796
242,Robert Doyle,65,Party have adult,1,1630866013
149,Tommy Stephens,387,Box respond dinner,3,1630195306
236,Justin Michael,495,Near suffer loss,1,1632379810
167,Dr. Richard Mccormick DVM,282,Million Mr behind,2,1617920789
20,Emily Casey,181,Bad all space,4,1638536831
216,Christopher Lewis,415,Type world,2,1613602249
135,Deborah Brown,282,Million Mr behind,2,1614381002
129,Heather Griffin,279,South degree,4,1639147045
294,Hannah Daniels,30,Service especially,5,1614416992
246,Emily Hensley,266,Five first group hear,1,1628493509
189,Rebekah Hunt,328,Part,3,1634858175
44,Marie Garcia,492,Computer within,2,1638326116
86,Joseph Burton,217,Particular next,2,1616760326
44,Marie Garcia,320,Parent fact,3,1618327029
145,Charlotte Gordon,406,Over act,1,1625416747
51,Jason Martinez,399,Word never,2,1621119819
242,Robert Doyle,379,Next speech,3,1634912262
294,Hannah Daniels,105,Military stand,2,1640550081
51,Jason Martinez,184,Challenge second,5,1616285499
266,Joe Mora,330,Speak than,5,1630501376
120,Stephanie Gutierrez,148,Individual turn dog,2,1637636669
200,Christina Martinez,105,Military stand,2,1628282710
248,Diana Wright,47,Those actually property,5,1637105752
70,Amanda Walton,87,Send design,2,1638214161
57,Sarah Miller,309,Require world late,1,1639217259
39,Brenda Mccormick DDS,437,Floor,1,1636066438
289,Cory Contreras,129,Center practice involve,4,1640164210
18,Ryan Barton,258,Recognize,1,1623191861
220,Laura Williams,314,Civil boy cell,2,1622402114
244,Alexandra Cooper,147,Strong employee thousand,2,1628435548
298,Jessica Williams,446,Film success right,3,1619391625
283,Carrie Pacheco,462,Sing age,1,1638683836
74,Anna Perkins,72,Executive course follow,5,1624702010
110,David Torres,486,Situation sell blood,5,1626859242
180,Kristen Fuentes,140,You forget,4,1636665278
32,Nicole Fischer,410,White door turn,3,1630017633
234,Diane Powell,27,Talk accept within,5,1627276807
282,David Campbell,29,Seek bill,4,1637767117
25,Donald Stark,271,Coach cold,1,1640540982
279,Cristina Gonzalez,174,Guess window,3,1622541957
226,Kelly Montgomery,253,Its young,3,1611239296
57,Sarah Miller,385,As give middle,2,1626687031
180,Kristen Fuentes,60,Read return,1,1632877024
232,Benjamin Pruitt,107,Recent among pick laugh,3,1630583655
287,Sarah Erickson,220,Rise dream fire,4,1612545482
64,Cheryl Roberts,441,Democrat stop mouth,5,1627034225
232,Benjamin Pruitt,259,Can fly,1,1637591639
289,Cory Contreras,371,Participant call final,1,1637244553
213,Randy Miller,146,Traditional sea central late,3,1621709419
258,Michael Hansen,52,Shake until,3,1613253619
18,Ryan Barton,60,Read return,3,1629528086
175,Ryan Schneider,34,Order line,4,1634944655
229,Olivia Whitney,96,Lot professor establish,2,1639493988
226,Kelly Montgomery,477,Option,3,1638219919
84,Aaron Adams,89,Benefit best,2,1637314103
291,Tina Edwards,316,Line concern,2,1632356459
246,Emily Hensley,410,White door turn,1,1636322654
110,David Torres,231,Again sport,5,1631844869
254,Michael Johnson,456,Occur,5,1640128541
88,Christopher Wright,275,Receive scene leader,4,1640857534
72,Sarah Olson,246,Like realize popular,4,1635061220
30,William Mathis,111,Reach generation body,5,1633815424
172,Victoria Newton,234,Participant imagine final,5,1625350962
177,Kevin Martinez,278,Far here free,1,1628991849
139,Sherry Kennedy,477,Option,1,1617716568
194,Linda Lowery,417,Change technology bed,5,1636006014
186,Kevin Soto,166,Yeah inside year,3,1615049517
218,Rachel Michael DDS,128,Its,3,1634393208
164,Kara Ramirez,237,Room situation,1,1612534676
161,Michael Fox,494,Occur almost us,2,1634910306
13,Jason Herrera,291,Sit serve majority,5,1639031973
296,Blake Griffin,107,Recent among pick laugh,4,1623583044
89,Katelyn Conrad,128,Its,3,1624020286
42,Keith Ross,195,Mouth its,2,1638229232
210,Amanda Harrington,339,Mean before response,3,1638816011
229,Olivia Whitney,394,Draw another Mr,2,1620740420
275,Wendy Fox,475,Interest main,5,1621757949
279,Cristina Gonzalez,143,Seat huge,5,1638441544
251,Erik Jones,395,Station mother,5,1619202347
208,Nicholas Nelson,111,Reach generation body,1,1610858547
140,Michael Thomas,90,Week task,2,1618106120
280,Erin Lane,251,Hour such name,4,1632740066
34,James Davis,280,Method station,4,1614445248
18,Ryan Barton,333,Total check,5,1614203765
57,Sarah Miller,224,Season hour low,4,1632105710
112,Stephanie Nichols,101,Us say,3,1614626313
5,Wendy Mack,132,Situation almost use,2,1615008614
182,Christina Jones,13,Identify brother culture,2,1617732835
13,Jason Herrera,457,Need often,2,1616534969
285,Tara Hall,441,Democrat stop mouth,3,1630792243
259,Dawn Walter,497,Truth character,1,1638046959
90,Jeffrey Parker,98,Long various indicate,3,1609815650
104,Zoe Scott,120,Task card,2,1619644496
186,Kevin Soto,293,Material,2,1612173836
250,Brenda Collins,304,Report area bed,2,1620420095
255,Samantha Donaldson,199,Question season information,4,1637256069
76,Susan Cannon,1,Area together show,1,1637342649
108,Holly Ward,60,Read return,3,1635776356
156,Mrs. Ann Luna,250,Few their,2,1614818431
82,Brianna Hall,140,You forget,5,1629087023
77,Sharon Nicholson,149,Us social,1,1612337567
258,Michael Hansen,395,Station mother,5,1633293834
127,William Shaw,44,Approach career,1,1632736848
282,David Campbell,371,Participant call final,2,1625522948
88,Christopher Wright,186,Road inside,1,1622224389
204,Krista Gregory,108,Indeed task,1,1617208265
16,Robert Dunn,44,Approach career,2,1640394612
151,Justin Hernandez,78,Difference yet,5,1617145824
254,Michael Johnson,226,Civil place finish,5,1626699485
188,Amber Michael,162,As everybody,4,1631997332
32,Nicole Fischer,281,Market response,5,1625277737
271,Cynthia Hall,253,Its young,5,1639371344
5,Wendy Mack,132,Situation almost use,1,1634749850
169,Christina Wallace,448,Certain light some,4,1630488578
181,Angela Myers,372,Certain economy factor,2,1634091579
178,Charles Smith,375,Husband picture,2,1634469596
143,Ashley Marsh DDS,474,Floor since push,3,1611736513
248,Diana Wright,144,Evidence energy,4,1633279836
127,William Shaw,266,Five first group hear,1,1612342320
263,Joel Murray,109,Usually meeting each bed,3,1638262499
40,Shawn Estrada,194,Especially,3,1620684577
255,Samantha Donaldson,35,Perform company,2,1635571492
143,Ashley Marsh DDS,467,Agent this,5,1637474601
240,Manuel Carter,390,Impact century,1,1637061312
228,Madeline Durham,275,Receive scene leader,4,1612442043
198,Lindsey Wu,187,Project ahead,3,1616128985
65,Kristin Harding,437,Floor,1,1627720448
11,Renee Hall,500,Economy agent,2,1619783098
108,Holly Ward,243,Daughter never interesting,3,1640082425
26,Holly Hoffman,264,Accept,3,1632147331
151,Justin Hernandez,462,Sing age,2,1618096230
221,Jean Braun,10,Day light call best,2,1622527853
237,Wyatt Case,451,Relate leader,2,1638355089
237,Wyatt Case,166,Yeah inside year,1,1620983585
219,Michael Thornton,29,Seek bill,1,1635624192
151,Justin Hernandez,271,Coach cold,1,1612120853
123,Cynthia Howell,87,Send design,5,1624036303
144,Tonya Lozano,23,Technology win,3,1633318588
189,Rebekah Hunt,210,Field small,1,1629866389
255,Samantha Donaldson,46,Take rate,5,1620214235
68,Luke Clark,467,Agent this,3,1618415478
104,Zoe Scott,28,Outside since full,1,1631439957
159,Laura Baker MD,26,Central goal story class,2,1635576055
300,Kimberly Lynch,266,Five first group hear,4,1619114949
90,Jeffrey Parker,175,Near heart room,1,1614864088
256,Andre Owen,4,Address way thousand,4,1613740585
220,Laura Williams,311,Military control fly state,1,1629435585
9,Daniel Johnson,322,So later,2,1637169990
12,Jack Flores,67,Figure born treatment,4,1638374260
244,Alexandra Cooper,135,Brother,5,1636436944
182,Christina Jones,55,Out outside move,2,1640543906
284,Crystal Jackson,464,Other,4,1632204563
99,Brittany Johnson,31,South activity bring coach,4,1614190443
197,Briana Wright,74,Lose none,2,1640524929
226,Kelly Montgomery,19,Particular plan,2,1619689734
103,Christopher Santiago,156,Peace certain,2,1634910175
106,Joshua Soto,337,Safe necessary standard,3,1620697264
58,Jacqueline Aguilar,156,Peace certain,5,1612811730
78,Danielle Williamson,147,Strong employee thousand,1,1630717899
75,Richard Walker,485,Pm woman sure,4,1625015048
42,Keith Ross,87,Send design,1,1630912538
181,Angela Myers,20,Set within beyond,2,1635226061
33,Robert Bender,269,Federal cost management,5,1625013844
71,Emily Long,333,Total check,5,1622588611
56,Laura Sanders,43,Region few,3,1619868475
105,Brandon Cunningham,395,Station mother,2,1610534642
200,Christina Martinez,432,Door anything appear office,4,1617036244
101,Roger Collier,399,Word never,3,1617813871
256,Andre Owen,401,Manager senior factor,2,1631988565
74,Anna Perkins,438,Rule rest Democrat,3,1612612272
171,Dana Howard,306,Argue thing,1,1629188737
143,Ashley Marsh DDS,28,Outside since full,2,1634425426
166,Gregory Lin,467,Agent this,4,1614809959
261,Albert Lopez,260,Rich head,4,1630178903
221,Jean Braun,22,Yet to low,2,1614619667
83,Angela Bryant,470,Nation us half run,3,1626151141
182,Christina Jones,375,Husband picture,5,1615166923
10,Michael Nelson,101,Us say,2,1613156824
4,Kyle Rios,39,Maybe kind certain,4,1609880701
292,Yvette Rice,290,Left remember,1,1623965654
281,Daniel Evans,353,Wonder scientist statement,4,1626090481
215,Jamie Holland,300,Blood skill name,5,1623532538
98,Christian Carr,170,But perform body,4,1633533855
101,Roger Collier,296,Fish we,5,1611014706
9,Daniel Johnson,353,Wonder scientist statement,2,1614982231
61,Benjamin Smith,396,Perform,4,1635961001
146,Christopher Evans,130,Myself which indicate,3,1618926168
63,David English,156,Peace certain,3,1621687484
121,Alyssa Patel,74,Lose none,4,1625232061
226,Kelly Montgomery,342,Skill measure,4,1632287106
105,Brandon Cunningham,465,Office likely purpose,1,1610512472
260,Jared Flores,90,Week task,4,1614009179
255,Samantha Donaldson,67,Figure born treatment,1,1626271051
207,Richard Thomas,455,Travel method,1,1621644313
28,Mark Mcdonald,236,Eat may usually,1,1630751407
170,Joseph Gonzalez,200,Say and let,1,1616487275
76,Susan Cannon,468,Too pull,2,1630056711
116,Samantha Liu,332,Left good,3,1632424324
69,Dawn Tyler,227,Analysis tree their,1,1626133898
234,Diane Powell,465,Office likely purpose,3,1636733993
1,Robert Humphrey,348,Relate woman performance,1,1630951394
167,Dr. Richard Mccormick DVM,233,Hard Democrat fish,3,1624456666
218,Rachel Michael DDS,266,Five first group hear,4,1612798582
273,Jennifer Atkinson,86,Car despite,4,1636329128
251,Erik Jones,102,Defense defense,3,1611678827
174,Emily Day DDS,441,Democrat stop mouth,1,1634536933
170,Joseph Gonzalez,481,Whom quite involve,2,1628556946
246,Emily Hensley,214,Recent kitchen scientist,3,1639408815
90,Jeffrey Parker,108,Indeed task,5,1616602036
49,Crystal Gutierrez,165,Team Republican,2,1635731382
294,Hannah Daniels,461,Event strong summer,5,1612685687
150,Denise Cook,91,Section hair,3,1625690812
132,Raven Williams,192,Side future nor,1,1623603501
59,Michael Mata,335,Bill team about join,5,1626441051
199,Kelly Zimmerman,86,Car despite,3,1609475491
215,Jamie Holland,222,Relate service,2,1629228945
49,Crystal Gutierrez,363,Stock per forget service,1,1638742089
232,Benjamin Pruitt,424,Mind account low,5,1622264159
247,Brittney Hoffman,101,Us say,3,1637333521
239,Justin Stephens,226,Civil place finish,1,1628161675
168,Kevin Weeks,364,Reality plant,1,1639692914
48,Laura Knox,60,Read return,4,1627379527
51,Jason Martinez,482,Practice truth seat the,1,1626662624
299,April Stevens,250,Few their,3,1630930989
98,Christian Carr,48,Indicate industry contain,2,1639251894
216,Christopher Lewis,117,Pattern suddenly,4,1629121573
177,Kevin Martinez,227,Analysis tree their,3,1639603405
80,Alice Jones,362,Market left give,3,1622050689
185,Emily Baker,403,Myself describe guy financial,3,1621919752
27,Mary Ford,456,Occur,5,1626790652
195,Eric Guzman,487,Black purpose remember,5,1633288299
214,Evan Ramos,33,Movie thing,2,1609536900
114,Kyle Gonzalez,44,Approach career,3,1632795233
242,Robert Doyle,476,Good property,5,1639665938
124,Lisa Scott,165,Team Republican,5,1616622150
76,Susan Cannon,368,Turn wear,5,1625345321
196,Michelle Taylor,345,Nice garden,2,1632707984
44,Marie Garcia,292,System understand,2,1635620798
186,Kevin Soto,337,Safe necessary standard,3,1623200345
246,Emily Hensley,344,Measure also watch movie,4,1617818541
84,Aaron Adams,405,Attention plant yeah,3,1616747226
207,Richard Thomas,386,Resource about with,5,1624348266
151,Justin Hernandez,287,Simply,5,1628138459
156,Mrs. Ann Luna,364,Reality plant,1,1631048083
16,Robert Dunn,225,Little husband,3,1616153541
165,Patrick Brown,286,Growth than,5,1610173535
145,Charlotte Gordon,204,About ever consumer,5,1629279634
37,Jennifer Dudley,172,Recognize physical per hold,4,1630945311
45,Brittany Moses,12,Writer role then,1,1615247997
206,Yvonne Diaz MD,307,Record magazine,3,1627114130
62,Amy Stuart,121,Mention student,2,1628311319
19,Tyler Franco,433,Reach wall only,3,1619088919
300,Kimberly Lynch,244,Within history,3,1624447415
7,Jessica Williams,152,Surface reflect,4,1619307728
249,Michaela Anderson,152,Surface reflect,3,1636199927
117,Christopher Simmons,188,Everybody still,4,1624770167
68,Luke Clark,395,Station mother,4,1634628881
34,James Davis,13,Identify brother culture,5,1622232203
194,Linda Lowery,91,Section hair,2,1636289320
55,James Scott,200,Say and let,4,1630370134
266,Joe Mora,74,Lose none,1,1623083511
42,Keith Ross,256,Beat conference,1,1635893679
297,Andrew Myers,456,Occur,2,1634181713
231,Janice Bell,448,Certain light some,4,1638776207
10,Michael Nelson,276,Heart seat fear,2,1637412047
128,Lisa Jones,328,Part,5,1629952483
179,Jerry Wells,329,Become career both program,1,1634487702
193,Ms. Jennifer Jones DVM,71,Similar much investment,3,1613181909
92,Jonathan Gonzales,78,Difference yet,1,1632111526
231,Janice Bell,284,Western wait,4,1615033376
78,Danielle Williamson,130,Myself which indicate,2,1619239447
85,Eric Jones,377,Subject however guess,1,1634916924
30,William Mathis,43,Region few,3,1637381430
213,Randy Miller,8,Development away,3,1611410620
49,Crystal Gutierrez,13,Identify brother culture,2,1632894547
265,Laura King,213,Appear spring address,2,1616973536
145,Charlotte Gordon,111,Reach generation body,1,1624192478
69,Dawn Tyler,476,Good property,4,1631454375
58,Jacqueline Aguilar,291,Sit serve majority,5,1639413433
185,Emily Baker,23,Technology win,3,1635213174
62,Amy Stuart,302,Visit note here,2,1624884807
296,Blake Griffin,254,Page,5,1627018825
166,Gregory Lin,15,Trouble ground,5,1639603584
171,Dana Howard,130,Myself which indicate,5,1615125332
63,David English,61,Point treatment,4,1613016728
147,Jacob Miller,115,Position well defense,2,1612050015
161,Michael Fox,460,Compare arrive member,3,1634264116
141,Sydney Thompson,320,Parent fact,2,1619795900
97,Douglas Trujillo,308,Positive help base,1,1613943981
221,Jean Braun,420,Subject red red,3,1632432749
43,Angela Thornton,451,Relate leader,2,1617185737
292,Yvette Rice,325,State nearly,3,1631433019
108,Holly Ward,67,Figure born treatment,1,1617420850
266,Joe Mora,249,Class young success,3,1624178552
95,Chase Morton,175,Near heart room,5,1610324220
262,Scott Henson,339,Mean before response,4,1613338095
71,Emily Long,2,Pass simple southern,1,1637362248
219,Michael Thornton,172,Recognize physical per hold,3,1630607059
21,Ariel Ellis,485,Pm woman sure,1,1618142127
92,Jonathan Gonzales,448,Certain light some,5,1625721043
127,William Shaw,465,Office likely purpose,4,1611900154
80,Alice Jones,334,Rather two wife,1,1609831079
238,Amanda Bradley,284,Western wait,5,1620803846
182,Christina Jones,475,Interest main,5,1611007444
25,Donald Stark,54,Place population order,5,1624497381
156,Mrs. Ann Luna,458,Talk,3,1632377070
5,Wendy Mack,67,Figure born treatment,2,1614374162
120,Stephanie Gutierrez,420,Subject red red,1,1639357421
277,Peter Miller,102,Defense defense,2,1619330117
18,Ryan Barton,120,Task card,5,1631534012
198,Lindsey Wu,191,Much certainly bed forget,2,1614836023
57,Sarah Miller,409,Us free body,5,1632368521
93,Katie Carter,470,Nation us half run,5,1609758719
19,Tyler Franco,304,Report area bed,4,1636374701
193,Ms. Jennifer Jones DVM,423,Strategy authority through,4,1621366095
237,Wyatt Case,47,Those actually property,2,1633730668
277,Peter Miller,222,Relate service,1,1636203722
227,Amy Day,21,Book job left,2,1637813432
233,Emily Dunn,158,Southern door,1,1621646626
40,Shawn Estrada,348,Relate woman performance,2,1636201287
153,Sean Alvarez MD,159,Fine option,3,1640325211
127,William Shaw,377,Subject however guess,3,1612233474
237,Wyatt Case,372,Certain economy factor,1,1637690689
55,James Scott,410,White door turn,4,1638138804
172,Victoria Newton,235,Direction phone eye,1,1627623629
109,Mary Young,150,Campaign court,2,1621886003
184,Tanya Harris,405,Attention plant yeah,5,1627729756
198,Lindsey Wu,257,Also yard,3,1630065844
87,Elizabeth Moore,165,Team Republican,5,1630361013
201,John Scott,77,All consumer,3,1631868206
275,Wendy Fox,85,Walk,2,1639174146
211,Scott Welch PhD,46,Take rate,3,1616356288
118,John Johnston,393,However ready,1,1637961614
191,Stephanie Harrison,401,Manager senior factor,5,1629738067
42,Keith Ross,47,Those actually property,5,1613590229
42,Keith Ross,213,Appear spring address,2,1610519585
276,Claudia Wells,479,Through resource,5,1622564913
17,Randy Gonzalez,487,Black purpose remember,2,1612229408
283,Carrie Pacheco,59,Far carry until,4,1627000136
258,Michael Hansen,54,Place population order,1,1629512450
63,David English,342,Skill measure,3,1626943233
62,Amy Stuart,12,Writer role then,3,1613544323
100,Miranda Watson,192,Side future nor,3,1638354191
19,Tyler Franco,6,Such authority,4,1621078197
17,Randy Gonzalez,309,Require world late,1,1628527648
246,Emily Hensley,144,Evidence energy,5,1638478600
251,Erik Jones,346,Society former sense,5,1621050168
81,Gary Contreras,261,Generation difficult support before,1,1617705511
39,Brenda Mccormick DDS,73,Car sometimes,1,1625254373
36,Michele Garcia,174,Guess window,3,1610067727
197,Briana Wright,232,In population,5,1637347975
158,Mr. Justin Ramos,270,Window whether,1,1609517142
204,Krista Gregory,428,Paper adult well determine,5,1629391419
196,Michelle Taylor,447,Together,1,1616897187
216,Christopher Lewis,362,Market left give,2,1610097666
285,Tara Hall,222,Relate service,3,1632170510
196,Michelle Taylor,52,Shake until,1,1640277093
152,Brad Hubbard,116,Window suddenly,4,1628684798
14,Jon Orr,26,Central goal story class,1,1623903998
146,Christopher Evans,53,Agency happy pay,2,1614041312
57,Sarah Miller,365,Set pretty,4,1622976721
211,Scott Welch PhD,29,Seek bill,4,1618485270
268,Kylie Tyler,19,Particular plan,1,1621844714
210,Amanda Harrington,303,Believe serve important,2,1625025154
17,Randy Gonzalez,392,To red staff choose,4,1629594781
286,Richard Carroll,279,South degree,3,1640783020
203,Craig King,117,Pattern suddenly,3,1635975679
99,Brittany Johnson,106,Cold various,5,1632560656
279,Cristina Gonzalez,419,Protect,5,1611981169
209,Hector Morris,479,Through resource,2,1635189177
129,Heather Griffin,309,Require world late,4,1638129977
288,Anna Schultz,227,Analysis tree their,3,1637063021
252,Chase Conley,352,Spring walk,3,1622453944
265,Laura King,186,Road inside,2,1610257286
271,Cynthia Hall,261,Generation difficult support before,4,1610001318
188,Amber Michael,16,Bank win sort,2,1618257229
214,Evan Ramos,273,Watch vote,1,1626803129
283,Carrie Pacheco,160,Parent draw major,3,1633260727
211,Scott Welch PhD,358,Avoid product,2,1628814478
76,Susan Cannon,250,Few their,2,1638372395
148,Micheal Gomez,224,Season hour low,1,1627714059
213,Randy Miller,256,Beat conference,5,1613237255
109,Mary Young,180,Middle believe speech,3,1623344719
129,Heather Griffin,20,Set within beyond,2,1614053672
10,Michael Nelson,112,Once,3,1612039329
47,Carol Jones MD,120,Task card,5,1640439597
96,Michael Cohen,194,Especially,2,1625969367
103,Christopher Santiago,468,Too pull,1,1619659511
146,Christopher Evans,111,Reach generation body,3,1631734812
27,Mary Ford,210,Field small,1,1630698255
220,Laura Williams,1,Area together show,5,1628806788
18,Ryan Barton,58,Forward husband model,5,1635867140
167,Dr. Richard Mccormick DVM,93,Source campaign prove,3,1634640115
82,Brianna Hall,221,Instead way,5,1633868829
72,Sarah Olson,211,Training most,4,1612980340
254,Michael Johnson,428,Paper adult well determine,3,1625443505
162,Robert Mcpherson,232,In population,4,1612401137
38,Omar Ford,262,Look sometimes central,5,1630767364
201,John Scott,364,Reality plant,3,1625883882
200,Christina Martinez,103,Always represent forward,4,1618222732
255,Samantha Donaldson,50,Imagine raise before,5,1635067874
179,Jerry Wells,374,Provide control economic,2,1622041392
35,Mrs. Mary Rodriguez,110,Live just edge,2,1634914136
82,Brianna Hall,456,Occur,1,1617509425
220,Laura Williams,88,Huge fill eye,2,1621164813
158,Mr. Justin Ramos,20,Set within beyond,4,1637454443
4,Kyle Rios,14,Similar professor security,2,1628245037
167,Dr. Richard Mccormick DVM,133,Also mind,3,1619546073
204,Krista Gregory,425,As piece at,3,1614400081
194,Linda Lowery,296,Fish we,3,1625478269
235,Victoria Romero,34,Order line,2,1637087827
206,Yvonne Diaz MD,380,Size purpose,2,1620390689
150,Denise Cook,208,Research school sometimes,1,1633031854
159,Laura Baker MD,301,Heavy late each,5,1622293819
279,Cristina Gonzalez,199,Question season information,1,1610123593
166,Gregory Lin,80,Sister down civil,4,1621144526
68,Luke Clark,71,Similar much investment,3,1624419664
88,Christopher Wright,155,During lose image write,2,1630610314
217,Barbara Mckenzie,78,Difference yet,5,1633247585
1,Robert Humphrey,78,Difference yet,5,1619280474
135,Deborah Brown,172,Recognize physical per hold,2,1614208980
185,Emily Baker,289,Total company water,1,1611873630
140,Michael Thomas,33,Movie thing,5,1613444017
106,Joshua Soto,300,Blood skill name,1,1610806008
133,Ruth Ross,276,Heart seat fear,2,1620353155
108,Holly Ward,367,Situation model kind,1,1615425704
178,Charles Smith,420,Subject red red,3,1624975802
298,Jessica Williams,7,Its my,2,1612737595
146,Christopher Evans,160,Parent draw major,2,1640555888
74,Anna Perkins,240,Institution hundred old,5,1614143824
108,Holly Ward,451,Relate leader,5,1609527024
122,Leah Larson,423,Strategy authority through,5,1620836541
17,Randy Gonzalez,477,Option,3,1613825007
196,Michelle Taylor,24,Possible during,3,1611913043
297,Andrew Myers,214,Recent kitchen scientist,4,1630028056
252,Chase Conley,70,Recognize occur name fly,2,1613015271
119,Michael Perez,368,Turn wear,5,1633332182
162,Robert Mcpherson,216,Hit story,2,1637498830
198,Lindsey Wu,104,Address south town information,1,1636663584
45,Brittany Moses,215,Base will,3,1638617874
179,Jerry Wells,54,Place population order,4,1622564152
44,Marie Garcia,294,Marriage kind,1,1636275726
271,Cynthia Hall,330,Speak than,2,1617510952
78,Danielle Williamson,336,Kid fire,3,1627393476
178,Charles Smith,203,Girl,5,1622435535
3,Sarah Adams,288,Rich however company,1,1610508859
214,Evan Ramos,45,Capital prove,3,1633759084
74,Anna Perkins,317,Sign,2,1634366191
51,Jason Martinez,198,College camera fill,2,1628390677
67,Andre Santana,216,Hit story,1,1615025578
93,Katie Carter,481,Whom quite involve,1,1621974687
176,Kathy Cantrell,309,Require world late,1,1620576140
145,Charlotte Gordon,384,Institution half small,4,1636126117
7,Jessica Williams,435,Lawyer use,5,1622366489
269,Christine Kline,332,Left good,3,1623318515
4,Kyle Rios,184,Challenge second,2,1624614608
138,Adam Carrillo,27,Talk accept within,2,1617675132
231,Janice Bell,166,Yeah inside year,5,1625900976
88,Christopher Wright,318,Answer language,1,1632743520
17,Randy Gonzalez,274,Make must improve,1,1640594650
52,Chelsey Parker,383,So various,2,1639919492
134,Jeffrey Jones,365,Set pretty,5,1615520228
211,Scott Welch PhD,103,Always represent forward,2,1632655430
219,Michael Thornton,448,Certain light some,1,1627625391
205,Nicole Kerr,333,Total check,3,1636350737
211,Scott Welch PhD,373,Beat particularly age sit,1,1633441630
277,Peter Miller,104,Address south town information,3,1621436037
24,Shannon Guerrero,414,Along human find,4,1639989825
4,Kyle Rios,245,Remain team,5,1632496332
152,Brad Hubbard,305,Own weight direction,4,1640485673
259,Dawn Walter,169,Situation choose,1,1631639156
168,Kevin Weeks,116,Window suddenly,5,1616672179
176,Kathy Cantrell,141,Right traditional,1,1630505738
291,Tina Edwards,418,Market together kitchen,5,1625234713
56,Laura Sanders,356,Whether interview drug,5,1617800852
108,Holly Ward,478,Back past which conference,1,1633182401
296,Blake Griffin,125,Necessary,1,1614580903
141,Sydney Thompson,25,Happy hear,5,1623301431
155,Joshua Snyder,194,Especially,5,1617765749
262,Scott Henson,384,Institution half small,1,1639796402
273,Jennifer Atkinson,100,Least outside five mother,1,1628278419
232,Benjamin Pruitt,402,Point book specific set,2,1610864592
241,Rhonda Harrell,5,According yard the fact,2,1615702479
258,Michael Hansen,19,Particular plan,2,1610251753
249,Michaela Anderson,170,But perform body,4,1637870084
77,Sharon Nicholson,274,Make must improve,5,1631561741
180,Kristen Fuentes,254,Page,3,1620274967
66,Edgar Rowe,121,Mention student,4,1627959282
171,Dana Howard,32,Station risk although,5,1622092099
22,Christopher Johnson,149,Us social,3,1618997171
107,Tracy Riddle,266,Five first group hear,2,1611551023
227,Amy Day,37,Doctor day too,3,1625053911
216,Christopher Lewis,177,Detail including south,1,1631908014
69,Dawn Tyler,342,Skill measure,1,1616372027
84,Aaron Adams,13,Identify brother culture,5,1611063752
103,Christopher Santiago,183,Seem area,4,1620839426
39,Brenda Mccormick DDS,145,About production,2,1621101942
13,Jason Herrera,265,Letter family,5,1612612232
297,Andrew Myers,88,Huge fill eye,2,1636474979
181,Angela Myers,428,Paper adult well determine,1,1632260178
268,Kylie Tyler,462,Sing age,4,1638828823
13,Jason Herrera,46,Take rate,4,1633339011
120,Stephanie Gutierrez,392,To red staff choose,1,1636427656
57,Sarah Miller,119,Site media operation,3,1623021536
40,Shawn Estrada,421,Number after stop,4,1609765888
128,Lisa Jones,19,Particular plan,3,1640894579
173,Michele Simmons,447,Together,2,1635250082
35,Mrs. Mary Rodriguez,220,Rise dream fire,4,1610934985
259,Dawn Walter,430,Time scientist,1,1636737163
5,Wendy Mack,233,Hard Democrat fish,3,1622192273
218,Rachel Michael DDS,94,Between attention others,2,1627875277
11,Renee Hall,455,Travel method,2,1625984265
117,Christopher Simmons,251,Hour such name,4,1618907849
184,Tanya Harris,250,Few their,4,1615213969
116,Samantha Liu,282,Million Mr behind,5,1629464215
162,Robert Mcpherson,232,In population,5,1610278272
67,Andre Santana,46,Take rate,4,1628671709
200,Christina Martinez,374,Provide control economic,5,1639880270
31,Mr. Jesse Stevens,46,Take rate,1,1614469831
75,Richard Walker,459,Figure civil environmental,1,1612868857
237,Wyatt Case,14,Similar professor security,5,1616805474
66,Edgar Rowe,85,Walk,4,1640678865
70,Amanda Walton,319,Sense spend,1,1626873320
297,Andrew Myers,328,Part,2,1616077199
20,Emily Casey,3,Usually career rock,4,1633844948
226,Kelly Montgomery,28,Outside since full,3,1636188814
199,Kelly Zimmerman,381,Out outside PM,3,1612497085
39,Brenda Mccormick DDS,157,Guess yourself,4,1634186116
145,Charlotte Gordon,343,Key road green,5,1612057461
45,Brittany Moses,402,Point book specific set,1,1626130995
91,Luis Harper,419,Protect,1,1639702982
238,Amanda Bradley,333,Total check,4,1628028015
70,Amanda Walton,332,Left good,2,1617673862
166,Gregory Lin,175,Near heart room,5,1622497178
130,Crystal Arroyo,114,Discuss right ready,2,1617579480
214,Evan Ramos,389,Professor level place,4,1613163477
89,Katelyn Conrad,487,Black purpose remember,4,1630095983
252,Chase Conley,331,If radio range,2,1633496076
72,Sarah Olson,250,Few their,3,1612302608
165,Patrick Brown,59,Far carry until,4,1634231528
49,Crystal Gutierrez,203,Girl,5,1637874219
52,Chelsey Parker,315,Unit resource,2,1621298060
289,Cory Contreras,239,Drug end image,3,1632869849
278,Ashley Hansen,234,Participant imagine final,2,1620573256
114,Kyle Gonzalez,303,Believe serve important,3,1614528260
239,Justin Stephens,95,Maybe wait protect,3,1614567654
133,Ruth Ross,479,Through resource,5,1629487136
274,William Hartman,141,Right traditional,4,1629933443
166,Gregory Lin,334,Rather two wife,3,1635853275
293,Nicole Burns MD,113,Truth everybody,4,1622135705
243,Jack Rodriguez,109,Usually meeting each bed,5,1624781891
138,Adam Carrillo,362,Market left give,4,1638968847
79,Karen Delgado,345,Nice garden,1,1623174628
170,Joseph Gonzalez,289,Total company water,3,1620031637
123,Cynthia Howell,97,Soldier,5,1615707427
176,Kathy Cantrell,446,Film success right,2,1623035493
300,Kimberly Lynch,335,Bill team about join,5,1630667449
82,Brianna Hall,16,Bank win sort,3,1639287222
87,Elizabeth Moore,44,Approach career,5,1631592866
225,Cameron Perez,442,Science bag another,2,1617823256
16,Robert Dunn,376,Red four significant,1,1621320263
163,Thomas Odonnell,230,Couple spend,3,1639406672
98,Christian Carr,390,Impact century,3,1634706492
156,Mrs. Ann Luna,108,Indeed task,5,1639728657
2,Rebecca Casey,217,Particular next,4,1625986289
169,Christina Wallace,399,Word never,4,1622796345
92,Jonathan Gonzales,260,Rich head,2,1622079992
181,Angela Myers,312,Safe city,1,1613654859
231,Janice Bell,320,Parent fact,1,1624245624
148,Micheal Gomez,196,Hour party,5,1628916792
280,Erin Lane,478,Back past which conference,5,1617519200
189,Rebekah Hunt,418,Market together kitchen,4,1636934870
128,Lisa Jones,475,Interest main,1,1617570110
7,Jessica Williams,95,Maybe wait protect,1,1617056266
47,Carol Jones MD,56,Look low,1,1639030156
53,Brittney Small PhD,32,Station risk although,2,1636383514
187,David Lee,492,Computer within,2,1613651160
38,Omar Ford,231,Again sport,5,1619085671
226,Kelly Montgomery,372,Certain economy factor,4,1610082626
53,Brittney Small PhD,9,Cause during,3,1637307120
224,Connie Sullivan,191,Much certainly bed forget,4,1621047640
154,Brett Park,361,Difference season lead cover,2,1616876076
48,Laura Knox,200,Say and let,2,1619945929
147,Jacob Miller,334,Rather two wife,5,1627646032
64,Cheryl Roberts,161,Collection,3,1639606014
182,Christina Jones,87,Send design,1,1619299906
125,Anthony Williams,21,Book job left,3,1619486188
179,Jerry Wells,311,Military control fly state,3,1615319445
39,Brenda Mccormick DDS,76,People nearly body,3,1619882085
260,Jared Flores,441,Democrat stop mouth,5,1615438285
3,Sarah Adams,386,Resource about with,2,1619396698
64,Cheryl Roberts,141,Right traditional,1,1632520745
29,Amber Thomas,126,Agreement partner,3,1640914195
11,Renee Hall,251,Hour such name,1,1640803631
97,Douglas Trujillo,388,Argue during,3,1632992529
203,Craig King,84,Natural opportunity,2,1616605055
21,Ariel Ellis,434,Southern imagine,1,1636924137
39,Brenda Mccormick DDS,371,Participant call final,4,1620519365
223,Andrea Graham,48,Indicate industry contain,2,1625713865
102,Steven Lawson,379,Next speech,1,1633134564
46,Steven Craig,78,Difference yet,3,1632429276
66,Edgar Rowe,30,Service especially,3,1631896837
91,Luis Harper,285,Term again pay quickly,2,1635108362
164,Kara Ramirez,136,Too best,2,1640142959
111,Samuel Nunez,140,You forget,3,1632163736
123,Cynthia Howell,41,Us nature city,1,1628094059
193,Ms. Jennifer Jones DVM,486,Situation sell blood,4,1637035499
99,Brittany Johnson,282,Million Mr behind,5,1613527645
291,Tina Edwards,50,Imagine raise before,2,1638483254
159,Laura Baker MD,258,Recognize,3,1614937683
103,Christopher Santiago,311,Military control fly state,1,1638716196
281,Daniel Evans,360,Second program,2,1630671375
43,Angela Thornton,440,Report consider,1,1627148766
84,Aaron Adams,270,Window whether,2,1609769948
191,Stephanie Harrison,134,Young interest,3,1629602117
51,Jason Martinez,234,Participant imagine final,1,1631815772
210,Amanda Harrington,128,Its,3,1613440479
126,Joshua Williams,104,Address south town information,1,1621600712
69,Dawn Tyler,254,Page,2,1638618788
265,Laura King,95,Maybe wait protect,5,1619961780
258,Michael Hansen,337,Safe necessary standard,5,1620545750
188,Amber Michael,217,Particular next,4,1631853711
230,John Miller,61,Point treatment,4,1629449489
189,Rebekah Hunt,480,Prove although audience,3,1638989714
10,Michael Nelson,268,Middle turn,1,1612383659
114,Kyle Gonzalez,241,Safe effort himself whether,4,1630239617
76,Susan Cannon,13,Identify brother culture,2,1618861497
164,Kara Ramirez,147,Strong employee thousand,5,1618967177
85,Eric Jones,428,Paper adult well determine,1,1627234507
49,Crystal Gutierrez,240,Institution hundred old,5,1633843501
177,Kevin Martinez,89,Benefit best,1,1619513553
218,Rachel Michael DDS,95,Maybe wait protect,4,1617862674
189,Rebekah Hunt,315,Unit resource,4,1632177445
230,John Miller,293,Material,3,1630258980
